"omega","p0x","px0","n","estimator","mean","var","bias","bias_sq","mse"
2,0.1,0.33,500,"estimate_c05",0.694061755810083,0.0944419674297013,0.000914575250137495,8.36447888164061e-07,0.0944428038775895
2,0.1,0.33,500,"estimate_mle",0.694012899962295,0.0982552200137389,0.000865719402349696,7.49470083604715e-07,0.0982559694838225
2,0.1,0.33,500,"estimate_oracle",0.648554325764121,0.0854651422684954,-0.044592854795824,0.00198852269884144,0.0874536649673368
2,0.1,0.33,500,"estimate_pi",0.648099649748868,0.100588534359642,-0.0450475308110773,0.00202928003217496,0.102617814391817
2,0.1,0.33,1000,"estimate_c05",0.692179368459065,0.046110619125538,-0.000967812100880483,9.36660262610694e-07,0.0461115557858006
2,0.1,0.33,1000,"estimate_mle",0.692223307788278,0.0469848775476646,-0.000923872771667278,8.53540898228178e-07,0.0469857310885629
2,0.1,0.33,1000,"estimate_oracle",0.668905656932083,0.0438215664303612,-0.0242415236278619,0.000587651467800188,0.0444092178981614
2,0.1,0.33,1000,"estimate_pi",0.667156229647214,0.0493376999276008,-0.0259909509127316,0.000675529529348025,0.0500132294569489
2,0.1,0.33,2000,"estimate_c05",0.69592930995759,0.0230119183441559,0.00278212939764433,7.74024398523679e-06,0.0230196585881411
2,0.1,0.33,2000,"estimate_mle",0.695965740678096,0.0232237610066063,0.0028185601181504,7.94428113962802e-06,0.023231705287746
2,0.1,0.33,2000,"estimate_oracle",0.684094358054966,0.0224357200642147,-0.00905282250497941,8.19535953066616e-05,0.0225176736595213
2,0.1,0.33,2000,"estimate_pi",0.683594556923242,0.02390377825988,-0.00955262363670351,9.12526183445065e-05,0.0239950308782245
2,0.1,0.33,5000,"estimate_c05",0.691011045501642,0.00901659832526986,-0.00213613505830346,4.56307298731311e-06,0.00902116139825717
2,0.1,0.33,5000,"estimate_mle",0.691018521152075,0.00904942251048677,-0.00212865940787021,4.53119087471437e-06,0.00905395370136148
2,0.1,0.33,5000,"estimate_oracle",0.686254313103008,0.00892513615623697,-0.00689286745693707,4.75116217789021e-05,0.00897264777801587
2,0.1,0.33,5000,"estimate_pi",0.686141310004737,0.00914990758427958,-0.00700587055520874,4.90822222363408e-05,0.00919898980651592
2,0.1,0.33,10000,"estimate_c05",0.693785286713657,0.00469539063220614,0.00063810615371207,4.07179463405212e-07,0.00469579781166954
2,0.1,0.33,10000,"estimate_mle",0.693792135066831,0.00470395822905666,0.000644954506885398,4.15966315951787e-07,0.00470437419537261
2,0.1,0.33,10000,"estimate_oracle",0.691392558237058,0.00467158737722762,-0.00175462232288737,3.07869949597466e-06,0.00467466607672359
2,0.1,0.33,10000,"estimate_pi",0.691374177673274,0.00472910204499535,-0.00177300288667126,3.14353923614462e-06,0.0047322455842315
2,0.1,0.5,500,"estimate_c05",0.693946663134794,0.0987805269647044,0.00079948257484852,6.3917238748642e-07,0.0987811661370918
2,0.1,0.5,500,"estimate_mle",0.708479122301309,0.103814962757964,0.0153319417413634,0.000235068437560562,0.104050031195525
2,0.1,0.5,500,"estimate_oracle",0.648950769165651,0.0846443175376342,-0.044196411394294,0.00195332278013368,0.0865976403177679
2,0.1,0.5,500,"estimate_pi",0.649151706164416,0.105218287791308,-0.0439954743955291,0.00193560176728766,0.107153889558596
2,0.1,0.5,1000,"estimate_c05",0.694400502653037,0.0497405371739773,0.00125332209309215,1.57081626903288e-06,0.0497421079902464
2,0.1,0.5,1000,"estimate_mle",0.701399449556843,0.0509029648130674,0.00825226899689724,6.80999435971514e-05,0.0509710647566645
2,0.1,0.5,1000,"estimate_oracle",0.671379190700781,0.0460724297503451,-0.0217679898591643,0.000473845382508679,0.0465462751328537
2,0.1,0.5,1000,"estimate_pi",0.670091040379898,0.0528849435000453,-0.0230561401800472,0.000531585600001987,0.0534165291000473
2,0.1,0.5,2000,"estimate_c05",0.689988065449199,0.0244253988581164,-0.00315911511074662,9.98000828294766e-06,0.0244353788663993
2,0.1,0.5,2000,"estimate_mle",0.693391620377809,0.0247009887811942,0.000244439817863817,5.97508245572962e-08,0.0247010485320188
2,0.1,0.5,2000,"estimate_oracle",0.678412365631959,0.0235070323738059,-0.0147348149279868,0.000217114770962022,0.0237241471447679
2,0.1,0.5,2000,"estimate_pi",0.677841587069443,0.0252711073513452,-0.0153055934905021,0.0002342611920965,0.0255053685434417
2,0.1,0.5,5000,"estimate_c05",0.69217181015836,0.009811754036608,-0.000975370401585574,9.51347420289203e-07,0.00981270538402829
2,0.1,0.5,5000,"estimate_mle",0.693529136166996,0.00985556246121544,0.000381955607050677,1.45890085757451e-07,0.00985570835130119
2,0.1,0.5,5000,"estimate_oracle",0.687484972723093,0.00966190730235318,-0.00566220783685278,3.20605975877171e-05,0.0096939678999409
2,0.1,0.5,5000,"estimate_pi",0.68739537021577,0.00994372175932814,-0.00575181034417516,3.30833222353603e-05,0.0099768050815635
2,0.1,0.5,10000,"estimate_c05",0.693858398585067,0.00480068622527339,0.000711218025121307,5.05831079257453e-07,0.00480119205635264
2,0.1,0.5,10000,"estimate_mle",0.694536391537764,0.0048113260650685,0.00138921097781919,1.92990714089335e-06,0.00481325597220939
2,0.1,0.5,10000,"estimate_oracle",0.691501826780796,0.00476378373462383,-0.00164535377914932,2.70718905856094e-06,0.00476649092368239
2,0.1,0.5,10000,"estimate_pi",0.691489013919119,0.00483221324403018,-0.00165816664082663,2.74951660875027e-06,0.00483496276063893
2,0.1,0.9,500,"estimate_c05",0.676568851906066,0.428833496459345,-0.0165783286538796,0.000274840980956047,0.429108337440301
2,0.1,0.9,500,"estimate_mle",0.746235152608387,0.357072403220739,0.0530879720484417,0.00281833277621613,0.359890735996955
2,0.1,0.9,500,"estimate_oracle",0.566930067852697,0.200414758199342,-0.126217112707248,0.0159307595401542,0.216345517739497
2,0.1,0.9,500,"estimate_pi",0.627504906693593,0.404765023433364,-0.0656422738663518,0.00430890811834513,0.409073931551709
2,0.1,0.9,1000,"estimate_c05",0.700485980245714,0.226475788203844,0.00733879968576856,5.38579808278367e-05,0.226529646184672
2,0.1,0.9,1000,"estimate_mle",0.786221970898091,0.254904022002891,0.0930747903381456,0.00866291659648976,0.263566938599381
2,0.1,0.9,1000,"estimate_oracle",0.643134127703438,0.149198927563618,-0.0500130528565076,0.00250130545602782,0.151700233019645
2,0.1,0.9,1000,"estimate_pi",0.660565023546356,0.229354027924285,-0.0325821570135895,0.0010615969556582,0.230415624879944
2,0.1,0.9,2000,"estimate_c05",0.691299567055912,0.105074924547626,-0.00184761350403295,3.41367566028492e-06,0.105078338223286
2,0.1,0.9,2000,"estimate_mle",0.734975663614959,0.115930408564408,0.0418284830550136,0.00174962199468356,0.117680030559092
2,0.1,0.9,2000,"estimate_oracle",0.665623752519955,0.0875623047591242,-0.0275234280399899,0.0007575390910725,0.0883198438501967
2,0.1,0.9,2000,"estimate_pi",0.666801856826533,0.10931325708745,-0.0263453237334124,0.000694076082618301,0.110007333170068
2,0.1,0.9,5000,"estimate_c05",0.691476572520088,0.0415864898931345,-0.00167060803985764,2.79093122283697e-06,0.0415892808243573
2,0.1,0.9,5000,"estimate_mle",0.708043636848382,0.0430462741385388,0.0148964562884369,0.000221904409953313,0.0432681785484921
2,0.1,0.9,5000,"estimate_oracle",0.681714136734181,0.0388158917890015,-0.0114330438257644,0.000130714491121849,0.0389466062801234
2,0.1,0.9,5000,"estimate_pi",0.681545739237134,0.0425974284054792,-0.0116014413228108,0.000134593440766623,0.0427320218462458
2,0.1,0.9,10000,"estimate_c05",0.693540319397138,0.0202281477509539,0.000393138837192608,1.54558145309156e-07,0.0202283023090992
2,0.1,0.9,10000,"estimate_mle",0.701694625377219,0.0205684076156355,0.00854744481727354,7.30588129043363e-05,0.0206414664285398
2,0.1,0.9,10000,"estimate_oracle",0.688714889270391,0.0195544941720495,-0.00443229128955458,1.96452060754614e-05,0.019574139378125
2,0.1,0.9,10000,"estimate_pi",0.688711104867704,0.0204592876615085,-0.0044360756922408,1.96787675472897e-05,0.0204789664290558
2,0.5,0.33,500,"estimate_c05",0.689609736459721,0.0373953103180788,-0.00353744410022383,1.25135107622084e-05,0.037407823828841
2,0.5,0.33,500,"estimate_mle",0.693265733348948,0.0378275222657837,0.000118552789002857,1.40547637803559e-08,0.0378275363205475
2,0.5,0.33,500,"estimate_oracle",0.646607458573609,0.0326217136001845,-0.0465397219863359,0.00216594572256544,0.0347876593227499
2,0.5,0.33,500,"estimate_pi",0.644786174071552,0.0413924262930286,-0.0483610064883935,0.00233878694857044,0.043731213241599
2,0.5,0.33,1000,"estimate_c05",0.69407624723469,0.0192013659509406,0.000929066674744905,8.63164886121555e-07,0.0192022291158268
2,0.5,0.33,1000,"estimate_mle",0.695901061954272,0.0193094882795124,0.00275388139432697,7.58386273402028e-06,0.0193170721422464
2,0.5,0.33,1000,"estimate_oracle",0.671615873283451,0.0179077247691364,-0.021531307276494,0.000463597193034803,0.0183713219621712
2,0.5,0.33,1000,"estimate_pi",0.671035440844499,0.0204230810046021,-0.0221117397154468,0.000488929033243666,0.0209120100378458
2,0.5,0.33,2000,"estimate_c05",0.69313458051386,0.00966573988115987,-1.2600046085165e-05,1.58761161348281e-10,0.00966574003992104
2,0.5,0.33,2000,"estimate_mle",0.69404327408726,0.00969301600568627,0.000896093527314901,8.02983609695661e-07,0.00969381898929596
2,0.5,0.33,2000,"estimate_oracle",0.681692432808603,0.0093299996530515,-0.0114547477513419,0.000131211246046873,0.00946121089909837
2,0.5,0.33,2000,"estimate_pi",0.681516881912556,0.00998352084607915,-0.011630298647389,0.000135263846627457,0.0101187846927066
2,0.5,0.33,5000,"estimate_c05",0.692054882792507,0.00385453731200034,-0.00109229776743869,1.19311441275154e-06,0.00385573042641309
2,0.5,0.33,5000,"estimate_mle",0.692416274164368,0.00385883832421048,-0.000730906395576825,5.34224159095106e-07,0.00385937254836958
2,0.5,0.33,5000,"estimate_oracle",0.687433577111221,0.00380011970002255,-0.00571360344872396,3.26452643692703e-05,0.00383276496439182
2,0.5,0.33,5000,"estimate_pi",0.687390021621135,0.00390574736694229,-0.00575715893881013,3.31448790467213e-05,0.00393889224598901
2,0.5,0.33,10000,"estimate_c05",0.692636096213098,0.00193013045410481,-0.000511084346846991,2.61207209592015e-07,0.0019303916613144
2,0.5,0.33,10000,"estimate_mle",0.692816694321766,0.0019312096355616,-0.00033048623817955,1.0922115362607e-07,0.00193131885671522
2,0.5,0.33,10000,"estimate_oracle",0.690314280325171,0.00191641119953385,-0.00283290023477467,8.02532374018639e-06,0.00192443652327404
2,0.5,0.33,10000,"estimate_pi",0.690303824927616,0.00194285258884962,-0.00284335563232951,8.08467125189997e-06,0.00195093726010152
2,0.5,0.5,500,"estimate_c05",0.694444886484393,0.0335595968425878,0.00129770592444756,1.68404066634629e-06,0.0335612808832542
2,0.5,0.5,500,"estimate_mle",0.697312198951577,0.0338505276326157,0.00416501839163197,1.73473782026326e-05,0.0338678750108183
2,0.5,0.5,500,"estimate_oracle",0.65120884019464,0.0293682674785497,-0.0419383403653054,0.00175882439259621,0.0311270918711459
2,0.5,0.5,500,"estimate_pi",0.650056664185537,0.0371931346682144,-0.0430905163744084,0.00185679260141316,0.0390499272696276
2,0.5,0.5,1000,"estimate_c05",0.688468475084223,0.0160905170114715,-0.00467870547572191,2.18902849285502e-05,0.0161124072964001
2,0.5,0.5,1000,"estimate_mle",0.689881771684293,0.0161593060136651,-0.00326540887565241,1.06628951251895e-05,0.0161699689087902
2,0.5,0.5,1000,"estimate_oracle",0.666216131525968,0.0150292465705196,-0.0269310490339777,0.000725281402070511,0.0157545279725901
2,0.5,0.5,1000,"estimate_pi",0.665380236410667,0.0171275600726091,-0.0277669441492784,0.000771003187389145,0.0178985632599983
2,0.5,0.5,2000,"estimate_c05",0.694691651216486,0.0085321149277244,0.00154447065654051,2.38538960891467e-06,0.00853450031733331
2,0.5,0.5,2000,"estimate_mle",0.695402761004147,0.00855029769594883,0.00225558044420171,5.08764314026518e-06,0.0085553853390891
2,0.5,0.5,2000,"estimate_oracle",0.683237752763991,0.00824236996642324,-0.00990942779595427,9.81967592432312e-05,0.00834056672566647
2,0.5,0.5,2000,"estimate_pi",0.683126303639125,0.00881134105639505,-0.0100208769208202,0.000100417974262227,0.00891175903065728
2,0.5,0.5,5000,"estimate_c05",0.694081902704737,0.00319056067350688,0.000934722144792177,8.73705487964888e-07,0.00319143437899485
2,0.5,0.5,5000,"estimate_mle",0.694365510585189,0.00319328038145134,0.00121833002524419,1.4843280504115e-06,0.00319476470950175
2,0.5,0.5,5000,"estimate_oracle",0.689449930004131,0.00314644626266771,-0.00369725055581405,1.36696616724673e-05,0.00316011592434018
2,0.5,0.5,5000,"estimate_pi",0.689437397658753,0.00323212825957538,-0.00370978290119228,1.37624891739786e-05,0.00324589074874936
2,0.5,0.5,10000,"estimate_c05",0.692576909943704,0.00171735719495295,-0.000570270616241375,3.25208575748318e-07,0.00171768240352869
2,0.5,0.5,10000,"estimate_mle",0.692718290835388,0.0017180842986644,-0.000428889724556791,1.839463958304e-07,0.00171826824506023
2,0.5,0.5,10000,"estimate_oracle",0.6902568224022,0.00170541516468345,-0.00289035815774519,8.35417028004415e-06,0.00171376933496349
2,0.5,0.5,10000,"estimate_pi",0.690246130518736,0.00172873785670112,-0.00290105004120977,8.41609134160323e-06,0.00173715394804272
2,0.5,0.9,500,"estimate_c05",0.69574797759118,0.0999042163899294,0.00260079703123495,6.76414519768051e-06,0.0999109805351271
2,0.5,0.9,500,"estimate_mle",0.710331022548338,0.104917766236459,0.0171838419883928,0.000295284425482053,0.105213050661941
2,0.5,0.9,500,"estimate_oracle",0.650669529004548,0.0856605638542398,-0.0424776515553971,0.00180435088166173,0.0874649147359015
2,0.5,0.9,500,"estimate_pi",0.651138524585474,0.10629166754227,-0.0420086559744709,0.00176472717678145,0.108056394719051
2,0.5,0.9,1000,"estimate_c05",0.693598924953162,0.0485106751707938,0.000451744393216935,2.04072996802937e-07,0.0485108792437906
2,0.5,0.9,1000,"estimate_mle",0.700565180642739,0.0496467083993581,0.00741800008279381,5.50267252283289e-05,0.0497017351245864
2,0.5,0.9,1000,"estimate_oracle",0.670629334602781,0.0449477538652863,-0.0225178459571639,0.000507053386550562,0.0454548072518369
2,0.5,0.9,1000,"estimate_pi",0.669250745797104,0.0516237117378595,-0.023896434762841,0.000571039594374715,0.0521947513322342
2,0.5,0.9,2000,"estimate_c05",0.694508419175941,0.0239790568284229,0.00136123861599524,1.85297056967664e-06,0.0239809097989926
2,0.5,0.9,2000,"estimate_mle",0.697947227828734,0.0242523031640701,0.00480004726878902,2.30404537826089e-05,0.0242753436178527
2,0.5,0.9,2000,"estimate_oracle",0.682815630227689,0.0230669349992992,-0.0103315503322563,0.000106740932267945,0.0231736759315672
2,0.5,0.9,2000,"estimate_pi",0.682441278972165,0.0248087814039394,-0.0107059015877801,0.000114616328807232,0.0249233977327467
2,0.5,0.9,5000,"estimate_c05",0.690944827465543,0.00964237097537643,-0.00220235309440242,4.85035915242392e-06,0.00964722133452886
2,0.5,0.9,5000,"estimate_mle",0.692299098673182,0.00968569519574237,-0.000848081886762886,7.19242886655296e-07,0.00968641443862902
2,0.5,0.9,5000,"estimate_oracle",0.686264780934418,0.00949535197749667,-0.00688239962552739,4.73674246054596e-05,0.00954271940210213
2,0.5,0.9,5000,"estimate_pi",0.686158988516981,0.00977374624060827,-0.00698819204296453,4.88348280293527e-05,0.00982258106863762
2,0.5,0.9,10000,"estimate_c05",0.693785784127235,0.00483281049024603,0.000638603567289842,4.07814516155311e-07,0.00483321830476219
2,0.5,0.9,10000,"estimate_mle",0.694464161638723,0.00484358707711175,0.00131698107877742,1.73443916185775e-06,0.00484532151627361
2,0.5,0.9,10000,"estimate_oracle",0.691428545070371,0.00479587739551615,-0.0017186354895744,2.95370794602465e-06,0.00479883110346217
2,0.5,0.9,10000,"estimate_pi",0.691415263829738,0.00486467132335246,-0.00173191673020778,2.99953556037362e-06,0.00486767085891284
2,0.66,0.33,500,"estimate_c05",0.692720447548169,0.0457168624782659,-0.000426733011776759,1.82101063340063e-07,0.0457170445793292
2,0.66,0.33,500,"estimate_mle",0.700074714302723,0.0465268816765601,0.00692753374277799,4.79907237573276e-05,0.0465748724003174
2,0.66,0.33,500,"estimate_oracle",0.648424936572219,0.0390852887983643,-0.0447222439877266,0.00200007910729775,0.0410853679056621
2,0.66,0.33,500,"estimate_pi",0.647112456644089,0.0504828117789249,-0.0460347239158565,0.00211919580600913,0.052602007584934
2,0.66,0.33,1000,"estimate_c05",0.691668198910357,0.0219851786601729,-0.0014789816495886,2.1873867198198e-06,0.0219873660468927
2,0.66,0.33,1000,"estimate_mle",0.695287698303406,0.0221769909849799,0.00214051774346113,4.58181621007195e-06,0.02218157280119
2,0.66,0.33,1000,"estimate_oracle",0.668768912150877,0.0202948259029427,-0.0243782684090685,0.000594299970624589,0.0208891258735673
2,0.66,0.33,1000,"estimate_pi",0.668021219475559,0.0234103288443891,-0.0251259610843866,0.000631313920414109,0.0240416427648032
2,0.66,0.33,2000,"estimate_c05",0.694884040623701,0.0113743404211415,0.00173686006375606,3.01668288107071e-06,0.0113773571040225
2,0.66,0.33,2000,"estimate_mle",0.696691545320442,0.0114239519369465,0.00354436476049713,1.25625215554539e-05,0.0114365144585019
2,0.66,0.33,2000,"estimate_oracle",0.683150195998583,0.0109212630330994,-0.00999698456136244,9.9939700320119e-05,0.0110212027334195
2,0.66,0.33,2000,"estimate_pi",0.683022897123295,0.0117480566059051,-0.0101242834366506,0.000102501115105638,0.0118505577210107
2,0.66,0.33,5000,"estimate_c05",0.692835902996598,0.00452153653202651,-0.000311277563347478,9.68937214435435e-08,0.00452163342574796
2,0.66,0.33,5000,"estimate_mle",0.693554404708022,0.00452933109163751,0.000407224148076257,1.65831506776434e-07,0.00452949692314428
2,0.66,0.33,5000,"estimate_oracle",0.688106000131394,0.00444828975347521,-0.00504118042855117,2.54135001132074e-05,0.00447370325358842
2,0.66,0.33,5000,"estimate_pi",0.688070978834675,0.00458125609214149,-0.0050762017252699,2.57678239556331e-05,0.00460702391609713
2,0.66,0.33,10000,"estimate_c05",0.693842151628249,0.00220882831733932,0.000694971068303962,4.82984785779551e-07,0.0022093113021251
2,0.66,0.33,10000,"estimate_mle",0.694201438398972,0.00221072247876209,0.00105425783902702,1.11145959114992e-06,0.00221183393835324
2,0.66,0.33,10000,"estimate_oracle",0.69146427051333,0.00219080344591316,-0.00168291004661525,2.83218622499854e-06,0.00219363563213816
2,0.66,0.33,10000,"estimate_pi",0.691461905002913,0.00222346149773396,-0.00168527555703246,2.84015370313107e-06,0.00222630165143709
2,0.66,0.5,500,"estimate_c05",0.69937783776877,0.0377140634932756,0.00623065720882476,3.882108925388e-05,0.0377528845825295
2,0.66,0.5,500,"estimate_mle",0.702985197600893,0.0381283791730495,0.00983801704094733,9.67865792979701e-05,0.0382251657523475
2,0.66,0.5,500,"estimate_oracle",0.655754465763339,0.0329227222295669,-0.0373927147966061,0.00139821511986033,0.0343209373494272
2,0.66,0.5,500,"estimate_pi",0.654997850524002,0.0416926551275478,-0.0381493300359435,0.00145537138219134,0.0431480265097391
2,0.66,0.5,1000,"estimate_c05",0.694264153958025,0.0193124671015021,0.00111697339807937,1.24762957201697e-06,0.0193137147310741
2,0.66,0.5,1000,"estimate_mle",0.696041121567161,0.0194176384667884,0.00289394100721552,8.37489455324356e-06,0.0194260133613417
2,0.66,0.5,1000,"estimate_oracle",0.671783992751172,0.0180140844203707,-0.0213631878087734,0.000456385793352926,0.0184704702137237
2,0.66,0.5,1000,"estimate_pi",0.67123957755791,0.0205404618541789,-0.0219076030020353,0.000479943069294787,0.0210204049234737
2,0.66,0.5,2000,"estimate_c05",0.69315093356969,0.00926413392346711,3.75300974464476e-06,1.40850821433986e-11,0.00926413393755219
2,0.66,0.5,2000,"estimate_mle",0.694034028502121,0.00928921819120073,0.000886847942176194,7.86499272542151e-07,0.00929000469047327
2,0.66,0.5,2000,"estimate_oracle",0.681711924289695,0.00894376801357761,-0.0114352562702505,0.000130765085966304,0.00907453309954392
2,0.66,0.5,2000,"estimate_pi",0.68154230506008,0.00956478413049332,-0.0116048754998652,0.000134673135367372,0.00969945726586069
2,0.66,0.5,5000,"estimate_c05",0.694642163486371,0.0036023204628966,0.00149498292642558,2.23497395030399e-06,0.0036045554368469
2,0.66,0.5,5000,"estimate_mle",0.694994834010475,0.00360620395708759,0.00184765345052984,3.41382327325483e-06,0.00360961778036085
2,0.66,0.5,5000,"estimate_oracle",0.690002845630798,0.00355155233953946,-0.00314433492914745,9.88684214665671e-06,0.00356143918168612
2,0.66,0.5,5000,"estimate_pi",0.689996825429405,0.00364980147310295,-0.00315035513054074,9.92473744852435e-06,0.00365972621055147
2,0.66,0.5,10000,"estimate_c05",0.692813004616594,0.00183441190955155,-0.000334175943351389,1.11673561114791e-07,0.00183452358311267
2,0.66,0.5,10000,"estimate_mle",0.692988768641365,0.00183540309958129,-0.000158411918580681,2.50943359484123e-08,0.00183542819391724
2,0.66,0.5,10000,"estimate_oracle",0.690490869573386,0.00182144131083707,-0.00265631098655972,7.05598805731786e-06,0.00182849729889439
2,0.66,0.5,10000,"estimate_pi",0.690481600683842,0.00184652849017422,-0.00266557987610372,7.10531607588912e-06,0.0018536338062501
2,0.66,0.9,500,"estimate_c05",0.697088016453043,0.0897560018558803,0.00394083589309802,1.55301875363296e-05,0.0897715320434167
2,0.66,0.9,500,"estimate_mle",0.69802528537703,0.0933387568041523,0.00487810481708484,2.37959066064663e-05,0.0933625527107588
2,0.66,0.9,500,"estimate_oracle",0.6518540357523,0.0809462142839909,-0.0412931448076452,0.00170512380810516,0.0826513380920961
2,0.66,0.9,500,"estimate_pi",0.651043701095995,0.0964414438671671,-0.0421034794639502,0.00177270298297128,0.0982141468501384
2,0.66,0.9,1000,"estimate_c05",0.690093871919871,0.0459137917666002,-0.00305330864007436,9.32269365155273e-06,0.0459231144602517
2,0.66,0.9,1000,"estimate_mle",0.69049345863796,0.0467862070963088,-0.00265372192198554,7.04224003922663e-06,0.046793249336348
2,0.66,0.9,1000,"estimate_oracle",0.666917546941693,0.0435843666897613,-0.0262296336182527,0.000687993679747772,0.0442723603695091
2,0.66,0.9,1000,"estimate_pi",0.664997655583571,0.0493222710192754,-0.0281495249763738,0.000792395756395492,0.0501146667756709
2,0.66,0.9,2000,"estimate_c05",0.697600862050397,0.0228731171283722,0.00445368149045178,1.98352788183928e-05,0.0228929524071906
2,0.66,0.9,2000,"estimate_mle",0.69784502852524,0.0230860440872196,0.00469784796529482,2.20697755050247e-05,0.0231081138627246
2,0.66,0.9,2000,"estimate_oracle",0.685785685065148,0.0222836685515221,-0.00736149549479737,5.41916159199219e-05,0.022337860167442
2,0.66,0.9,2000,"estimate_pi",0.685377048911983,0.023753973905728,-0.00777013164796259,6.03749458266698e-05,0.0238143488515546
2,0.66,0.9,5000,"estimate_c05",0.692318415423646,0.0090190646878483,-0.000828765136299037,6.86851651144761e-07,0.00901975153949944
2,0.66,0.9,5000,"estimate_mle",0.692405442060732,0.00905197998174657,-0.000741738499213773,5.50176001215901e-07,0.00905253015774778
2,0.66,0.9,5000,"estimate_oracle",0.687579769204083,0.00892604160499801,-0.00556741135586269,3.09960692053889e-05,0.00895703767420339
2,0.66,0.9,5000,"estimate_pi",0.687483395206644,0.00915193003354892,-0.00566378535330148,3.20784645282723e-05,0.00918400849807719
2,0.66,0.9,10000,"estimate_c05",0.693488298061539,0.00458040530422462,0.000341117501594046,1.16361149893764e-07,0.00458052166537452
2,0.66,0.9,10000,"estimate_mle",0.69353322247432,0.00458877445259107,0.000386041914374302,1.49028359653776e-07,0.00458892348095073
2,0.66,0.9,10000,"estimate_oracle",0.691109377423237,0.00455662478981357,-0.00203780313670843,4.1526416239787e-06,0.00456077743143755
2,0.66,0.9,10000,"estimate_pi",0.691089841267868,0.00461290541280733,-0.00205733929207763,4.23264496272649e-06,0.00461713805777006
10,0.1,0.33,500,"estimate_c05",2.313035590776,0.143092605297876,0.0104504977819504,0.00010921290389055,0.143201818201766
10,0.1,0.33,500,"estimate_mle",2.35484274872592,0.153846136988463,0.0522576557318719,0.00273086258259085,0.156576999571054
10,0.1,0.33,500,"estimate_oracle",2.29719892383918,0.140834382988253,-0.00538616915486267,2.90108181647941e-05,0.140863393806418
10,0.1,0.33,500,"estimate_pi",2.29752193198904,0.144590257448243,-0.00506316100500781,2.56355993626317e-05,0.144615893047605
10,0.1,0.33,1000,"estimate_c05",2.30289266142534,0.0665906864893654,0.000307568431292982,9.45983399280255e-08,0.0665907810877054
10,0.1,0.33,1000,"estimate_mle",2.32300410534143,0.0694810262544669,0.0204190123473889,0.000416936065242818,0.0698979623197097
10,0.1,0.33,1000,"estimate_oracle",2.29509741051973,0.0661213275387519,-0.00748768247431686,5.60653888361918e-05,0.0661773929275881
10,0.1,0.33,1000,"estimate_pi",2.29514181507986,0.0669386077742487,-0.00744327791418486,5.54023861077922e-05,0.0669940101603565
10,0.1,0.33,2000,"estimate_c05",2.30458400070074,0.0334832213235077,0.00199890770669153,3.9956320198708e-06,0.0334872169555276
10,0.1,0.33,2000,"estimate_mle",2.31442640772334,0.0341557367371374,0.0118413147292982,0.000140216734518294,0.0342959534716557
10,0.1,0.33,2000,"estimate_oracle",2.30070781494569,0.0333702383845233,-0.0018772780483558,3.52417287083857e-06,0.0333737625573942
10,0.1,0.33,2000,"estimate_pi",2.30071010326249,0.0335693980419357,-0.00187498973155487,3.51558649343619e-06,0.0335729136284291
10,0.1,0.33,5000,"estimate_c05",2.30366759987861,0.0134395954607477,0.00108250688456613,1.17182115513306e-06,0.0134407672819028
10,0.1,0.33,5000,"estimate_mle",2.30755562722954,0.0135439853166496,0.00497053423549065,2.47062105861847e-05,0.0135686915272358
10,0.1,0.33,5000,"estimate_oracle",2.30211552874043,0.013421840060292,-0.000469564253615662,2.20490588273634e-07,0.0134220605508803
10,0.1,0.33,5000,"estimate_pi",2.30211979959418,0.0134534417037325,-0.000465293399865452,2.16497947958351e-07,0.0134536582016804
10,0.1,0.33,10000,"estimate_c05",2.30356832372412,0.00647204583187642,0.000983230730073004,9.66742668559892e-07,0.00647301257454498
10,0.1,0.33,10000,"estimate_mle",2.30549963392508,0.00649678669019804,0.00291454093103694,8.49454883868964e-06,0.00650528123903673
10,0.1,0.33,10000,"estimate_oracle",2.30279373440195,0.00646764948016079,0.000208641407905663,4.35312370928573e-08,0.00646769301139788
10,0.1,0.33,10000,"estimate_pi",2.30279482882807,0.00647537834209361,0.000209735834019842,4.39891200719987e-08,0.00647542233121368
10,0.1,0.5,500,"estimate_c05",2.31638023408778,0.252473808277627,0.0137951410937371,0.000190305917796115,0.252664114195423
10,0.1,0.5,500,"estimate_mle",2.40654625258118,0.287487387331699,0.103961159587139,0.0108079227027025,0.298295310034402
10,0.1,0.5,500,"estimate_oracle",2.29710973318449,0.240902677884899,-0.00547535980955471,2.9979565044087e-05,0.240932657449943
10,0.1,0.5,500,"estimate_pi",2.29910677648496,0.254772472537038,-0.00347831650908503,1.20986857373735e-05,0.254784571222775
10,0.1,0.5,1000,"estimate_c05",2.30379739047826,0.110289656659158,0.00121229748421348,1.46966519023032e-06,0.110291126324348
10,0.1,0.5,1000,"estimate_mle",2.34941783985153,0.122409374724315,0.0468327468574858,0.00219330617821735,0.124602680902532
10,0.1,0.5,1000,"estimate_oracle",2.29468215970883,0.108191920617194,-0.00790293328521452,6.24563545105516e-05,0.108254376971705
10,0.1,0.5,1000,"estimate_pi",2.2951127719466,0.110780162409578,-0.00747232104744633,5.58355818361094e-05,0.110835997991414
10,0.1,0.5,2000,"estimate_c05",2.30011794052089,0.0568376013073496,-0.00246715247315521,6.08684132579587e-06,0.0568436881486754
10,0.1,0.5,2000,"estimate_mle",2.3217700918062,0.0594377760275876,0.0191849988121535,0.000368064179422332,0.0598058402070099
10,0.1,0.5,2000,"estimate_oracle",2.29568495649267,0.0563297559188247,-0.00690013650137367,4.76118837375892e-05,0.0563773678025622
10,0.1,0.5,2000,"estimate_pi",2.29575460661647,0.0569658614588299,-0.00683048637757677,4.66555441542619e-05,0.0570125170029841
10,0.1,0.5,5000,"estimate_c05",2.30023206522435,0.0230849962378504,-0.00235302776969171,5.53673968494033e-06,0.0230905329775353
10,0.1,0.5,5000,"estimate_mle",2.30866379277521,0.0234789026908301,0.00607869978116016,3.69505910294765e-05,0.0235158532818596
10,0.1,0.5,5000,"estimate_oracle",2.29847581805672,0.0230058001183765,-0.00410927493732727,1.6886140510546e-05,0.0230226862588871
10,0.1,0.5,5000,"estimate_pi",2.29848509169729,0.0231057010256992,-0.00410000129675536,1.68100106333957e-05,0.0231225110363326
10,0.1,0.5,10000,"estimate_c05",2.30391307469492,0.0110902256171447,0.00132798170087334,1.76353539785444e-06,0.0110919891525425
10,0.1,0.5,10000,"estimate_mle",2.30810390361664,0.0111834496020762,0.00551881062259785,3.04572706880988e-05,0.0112139068727643
10,0.1,0.5,10000,"estimate_oracle",2.30303375128502,0.0110711474325073,0.000448658290969739,2.01294262055887e-07,0.0110713487267693
10,0.1,0.5,10000,"estimate_pi",2.30304044827199,0.0110951663303572,0.000455355277941383,2.07348429149074e-07,0.0110953736787864
10,0.1,0.9,500,"estimate_c05",1.92169991647042,0.474113481666835,-0.380885176523627,0.145073517695435,0.61918699936227
10,0.1,0.9,500,"estimate_mle",1.56663996456004,0.179326669241102,-0.735945128434009,0.54161523206575,0.720941901306853
10,0.1,0.9,500,"estimate_oracle",1.89388890477621,0.387733690475944,-0.408696188217834,0.167032574263788,0.554766264739732
10,0.1,0.9,500,"estimate_pi",1.87053607329792,0.485577361268132,-0.432049019696131,0.186666355420387,0.672243716688519
10,0.1,0.9,1000,"estimate_c05",2.1836079832539,0.531109719442998,-0.118977109740147,0.0141555526421189,0.545265272085117
10,0.1,0.9,1000,"estimate_mle",2.06700137502091,0.248302967401889,-0.235583717973139,0.0554996881740474,0.303802655575936
10,0.1,0.9,1000,"estimate_oracle",2.15224378211838,0.45923349207302,-0.15034131087567,0.0226025097558148,0.481836001828835
10,0.1,0.9,1000,"estimate_pi",2.15869526825096,0.534737244629806,-0.143889824743082,0.0207042816645948,0.555441526294401
10,0.1,0.9,2000,"estimate_c05",2.29369595290177,0.446492561192831,-0.00888914009227815,7.90168115801467e-05,0.446571578004411
10,0.1,0.9,2000,"estimate_mle",2.34995923862014,0.320142910066979,0.0473741456260957,0.00224430967380252,0.322387219740781
10,0.1,0.9,2000,"estimate_oracle",2.27376915120942,0.402545432895993,-0.0288159417846283,0.000830358500935088,0.403375791396928
10,0.1,0.9,2000,"estimate_pi",2.28165651466802,0.447536779645579,-0.0209285783260222,0.000438005390748448,0.447974785036328
10,0.1,0.9,5000,"estimate_c05",2.30263795344319,0.187064909734336,5.28604491432105e-05,2.79422708362195e-09,0.187064912528564
10,0.1,0.9,5000,"estimate_mle",2.3920791553505,0.221717013868425,0.0894940623564495,0.00800918719706008,0.229726201065486
10,0.1,0.9,5000,"estimate_oracle",2.29664114469862,0.180445847223797,-0.00594394829542821,3.5330521338724e-05,0.180481177745136
10,0.1,0.9,5000,"estimate_pi",2.29795219951387,0.187271196257232,-0.00463289348017826,2.14637019986782e-05,0.187292659959231
10,0.1,0.9,10000,"estimate_c05",2.30467566851201,0.0900448473039125,0.00209057551795944,4.37050599629137e-06,0.0900492178099088
10,0.1,0.9,10000,"estimate_mle",2.34800870335737,0.0995682664392151,0.045423610363323,0.00206330437843898,0.101631570817654
10,0.1,0.9,10000,"estimate_oracle",2.3020592467306,0.0886773893371202,-0.000525846263445207,2.76514292779286e-07,0.088677665851413
10,0.1,0.9,10000,"estimate_pi",2.30235239335526,0.0901000869387998,-0.000232699638790024,5.41491218930075e-08,0.0901001410879217
10,0.5,0.33,500,"estimate_c05",2.30237737996304,0.0575523379428051,-0.000207713031001866,4.31447032479821e-08,0.0575523810875083
10,0.5,0.33,500,"estimate_mle",2.31976792163502,0.0591974005383464,0.017182828640975,0.00029524960010511,0.0594926501384515
10,0.5,0.33,500,"estimate_oracle",2.2868440011659,0.0562161606252566,-0.0157410918281458,0.000247781971942117,0.0564639425971987
10,0.5,0.33,500,"estimate_pi",2.28700507163605,0.0581589775556666,-0.0155800213579913,0.000242737065515465,0.0584017146211821
10,0.5,0.33,1000,"estimate_c05",2.30510130039958,0.0296709634065995,0.00251620740553093,6.33129970764872e-06,0.0296772947063072
10,0.5,0.33,1000,"estimate_mle",2.31367898477069,0.0300797249251144,0.011093891776643,0.000123074434751867,0.0302027993598663
10,0.5,0.33,1000,"estimate_oracle",2.29731497007478,0.0293323414525731,-0.0052701229192671,2.77741955841843e-05,0.0293601156481573
10,0.5,0.33,1000,"estimate_pi",2.29739294304106,0.0298253672218929,-0.00519214995298878,2.69584211343214e-05,0.0298523256430272
10,0.5,0.33,2000,"estimate_c05",2.2990129033791,0.0147155326884236,-0.00357218961495054,1.27605386451605e-05,0.0147282932270687
10,0.5,0.33,2000,"estimate_mle",2.30325256799032,0.0148136274015649,0.000667474996274731,4.45522870651952e-07,0.0148140729244355
10,0.5,0.33,2000,"estimate_oracle",2.29514387430243,0.0146329194759864,-0.00744121869161463,5.53717356164349e-05,0.0146882912116029
10,0.5,0.33,2000,"estimate_pi",2.29513772021984,0.0147539528805351,-0.00744737277420526,5.54633612379738e-05,0.0148094162417731
10,0.5,0.33,5000,"estimate_c05",2.3031109958446,0.00580726370290168,0.000525902850555315,2.76573808222206e-07,0.00580754027670991
10,0.5,0.33,5000,"estimate_mle",2.30480525217303,0.00582267303246665,0.00222015917898766,4.92910678004315e-06,0.00582760213924669
10,0.5,0.33,5000,"estimate_oracle",2.30155815301018,0.00579398536779051,-0.00102693998386139,1.05460573045322e-06,0.00579503997352097
10,0.5,0.33,5000,"estimate_pi",2.30156134545337,0.00581341234517772,-0.00102374754067913,1.04805902704657e-06,0.00581446040420477
10,0.5,0.33,10000,"estimate_c05",2.30280633438064,0.00285391122713371,0.000221241386594073,4.89477511420682e-08,0.00285396017488485
10,0.5,0.33,10000,"estimate_mle",2.30365214525335,0.0028576424346183,0.00106705225930037,1.13860052407803e-06,0.00285878103514237
10,0.5,0.33,10000,"estimate_oracle",2.30203045670519,0.00285068079049516,-0.000554636288855548,3.07621412915455e-07,0.00285098841190807
10,0.5,0.33,10000,"estimate_pi",2.302030890635,0.00285541493265318,-0.000554202359047018,3.0714025477328e-07,0.00285572207290795
10,0.5,0.5,500,"estimate_c05",2.30074319475117,0.0441769969188792,-0.00184189824287229,3.39258913709602e-06,0.0441803895080163
10,0.5,0.5,500,"estimate_mle",2.31230433389465,0.0448121407500313,0.00971924090060572,9.44636436840071e-05,0.0449066043937153
10,0.5,0.5,500,"estimate_oracle",2.28541831994584,0.043350045554446,-0.0171667730482103,0.000294698096888761,0.0436447436513348
10,0.5,0.5,500,"estimate_pi",2.28548487680635,0.0446546405971432,-0.017100216187695,0.000292417393665905,0.0449470579908091
10,0.5,0.5,1000,"estimate_c05",2.30260569287788,0.0216547128016836,2.05998838294086e-05,4.24355213785129e-10,0.0216547132260388
10,0.5,0.5,1000,"estimate_mle",2.30834536444612,0.0218084887872358,0.00576027145207281,3.3180727201565e-05,0.0218416695144373
10,0.5,0.5,1000,"estimate_oracle",2.29492261671367,0.0214522512277175,-0.00766247628037409,5.87135427472955e-05,0.0215109647704648
10,0.5,0.5,1000,"estimate_pi",2.29494259051772,0.0217709055136202,-0.00764250247632559,5.84078441006427e-05,0.0218293133577208
10,0.5,0.5,2000,"estimate_c05",2.3031805473781,0.0111354738137317,0.000595454384050509,3.54565923484971e-07,0.0111358283796552
10,0.5,0.5,2000,"estimate_mle",2.30604104726381,0.0111745253830208,0.00345595426976475,1.19436199147052e-05,0.0111864690029355
10,0.5,0.5,2000,"estimate_oracle",2.29933465024148,0.0110832258211497,-0.00325044275256614,1.05653780877097e-05,0.0110937911992374
10,0.5,0.5,2000,"estimate_pi",2.29933842436139,0.0111656516079445,-0.00324666863265355,1.05408572102565e-05,0.0111761924651547
10,0.5,0.5,5000,"estimate_c05",2.30221692091279,0.00431364777365449,-0.000368172081255835,1.35550681416253e-07,0.00431378332433591
10,0.5,0.5,5000,"estimate_mle",2.30335718492128,0.00431970657340473,0.00077209192723604,5.96125944103063e-07,0.00432030269934883
10,0.5,0.5,5000,"estimate_oracle",2.30067820159735,0.00430556582520148,-0.00190689139670042,3.63623479881006e-06,0.00430920206000029
10,0.5,0.5,5000,"estimate_pi",2.30067792328138,0.00431826783066837,-0.00190716971266713,3.63729631291484e-06,0.00432190512698128
10,0.5,0.5,10000,"estimate_c05",2.30309995443913,0.00224190076158277,0.000514861445086279,2.65082307636331e-07,0.00224216584389041
10,0.5,0.5,10000,"estimate_mle",2.30366993914702,0.00224346836143184,0.00108484615296911,1.17689117561188e-06,0.00224464525260745
10,0.5,0.5,10000,"estimate_oracle",2.30233000981118,0.0022397984095275,-0.000255083182862048,6.50674301790331e-08,0.00223986347695768
10,0.5,0.5,10000,"estimate_pi",2.30233031032297,0.00224310583310152,-0.000254782671071929,6.49142094785469e-08,0.00224317074731099
10,0.5,0.9,500,"estimate_c05",2.30603914789862,0.252091373496833,0.00345405490457162,1.19304952837953e-05,0.252103303992117
10,0.5,0.9,500,"estimate_mle",2.39411303229469,0.282973196094702,0.0915279393006472,0.00837736367262295,0.291350559767325
10,0.5,0.9,500,"estimate_oracle",2.28668965414205,0.239657674925271,-0.0158954388519978,0.000252664976297603,0.239910339901569
10,0.5,0.9,500,"estimate_pi",2.28871671337846,0.254454280408127,-0.0138683796155883,0.000192331953162065,0.254646612361289
10,0.5,0.9,1000,"estimate_c05",2.30153997268587,0.117306050345012,-0.00104512030817938,1.09227645856897e-06,0.117307142621471
10,0.5,0.9,1000,"estimate_mle",2.34628130345802,0.127790348291143,0.0436962104639704,0.0019093588089116,0.129699707100054
10,0.5,0.9,1000,"estimate_oracle",2.29242502304012,0.11489535436158,-0.0101600699539306,0.000103227021468763,0.114998581383049
10,0.5,0.9,1000,"estimate_pi",2.29284050207227,0.117832271614822,-0.00974459092178037,9.49570522328444e-05,0.117927228667055
10,0.5,0.9,2000,"estimate_c05",2.30078978766281,0.0540122519283286,-0.00179530533123717,3.22312123236862e-06,0.054015475049561
10,0.5,0.9,2000,"estimate_mle",2.32234506689422,0.0564651953384137,0.0197599739001717,0.000390456568535467,0.0568556519069492
10,0.5,0.9,2000,"estimate_oracle",2.29634961723504,0.0535394236342753,-0.00623547575900485,3.88811579411371e-05,0.0535783047922164
10,0.5,0.9,2000,"estimate_pi",2.2964310852206,0.0541341418776482,-0.00615400777344632,3.78718116756378e-05,0.0541720136893238
10,0.5,0.9,5000,"estimate_c05",2.30767356575938,0.0229087280436686,0.00508847276533864,2.5892555083593e-05,0.0229346205987522
10,0.5,0.9,5000,"estimate_mle",2.31617074397574,0.0233016656385763,0.0135856509816912,0.000184569912596326,0.0234862355511726
10,0.5,0.9,5000,"estimate_oracle",2.30590469959475,0.0228301098109511,0.00331960660070196,1.1019787983424e-05,0.0228411295989345
10,0.5,0.9,5000,"estimate_pi",2.30592996599325,0.0229290008207856,0.00334487299920339,1.11881753807999e-05,0.0229401889961664
10,0.5,0.9,10000,"estimate_c05",2.30188769742051,0.011233225859605,-0.000697395573532766,4.86360585983096e-07,0.011233712220191
10,0.5,0.9,10000,"estimate_mle",2.30607548149111,0.0113264213263859,0.00349038849706895,1.21828118604713e-05,0.0113386041382464
10,0.5,0.9,10000,"estimate_oracle",2.30101257900323,0.011214067428754,-0.00157251399082003,2.47280025132475e-06,0.0112165402290053
10,0.5,0.9,10000,"estimate_pi",2.30101417222312,0.011238259527591,-0.00157092077092802,2.46779206853308e-06,0.0112407273196595
10,0.66,0.33,500,"estimate_c05",2.2998869278173,0.0968769289951064,-0.0026981651767426,7.2800953209864e-06,0.0968842090904273
10,0.66,0.33,500,"estimate_mle",2.33610258155376,0.104179084190798,0.0335174885597134,0.00112342203935052,0.105302506230148
10,0.66,0.33,500,"estimate_oracle",2.28285265515243,0.0935388344684159,-0.0197324378416197,0.000389369103173386,0.0939282035715893
10,0.66,0.33,500,"estimate_pi",2.28333626239355,0.097821794784494,-0.0192488306004996,0.000370517479486732,0.0981923122639807
10,0.66,0.33,1000,"estimate_c05",2.30058633908715,0.0490452623158187,-0.00199875390689552,3.99501718033012e-06,0.049049257332999
10,0.66,0.33,1000,"estimate_mle",2.31805657438662,0.0507045251414097,0.0154714813925754,0.000239366736480806,0.0509438918778905
10,0.66,0.33,1000,"estimate_oracle",2.29214736380264,0.0482162455546772,-0.0104377291914037,0.000108946190673082,0.0483251917453503
10,0.66,0.33,1000,"estimate_pi",2.29226209855531,0.0492839117065346,-0.0103229944387393,0.000106564214182242,0.0493904759207168
10,0.66,0.33,2000,"estimate_c05",2.30329965860768,0.0235122368472713,0.000714565613634921,5.10604016189451e-07,0.0235127474512875
10,0.66,0.33,2000,"estimate_mle",2.31189154827723,0.0238832876613672,0.00930645528318097,8.6610109937847e-05,0.023969897771305
10,0.66,0.33,2000,"estimate_oracle",2.29909345416427,0.0233168465676625,-0.00349163882977255,1.21915417175754e-05,0.0233290381093801
10,0.66,0.33,2000,"estimate_pi",2.29912957144206,0.0235707776083541,-0.0034555215519898,1.1940629196266e-05,0.0235827182375504
10,0.66,0.33,5000,"estimate_c05",2.30517945273553,0.00938989414922757,0.00259435974148259,6.7307024682256e-06,0.0093966248516958
10,0.66,0.33,5000,"estimate_mle",2.30859511556327,0.0094479949440449,0.00601002256922545,3.61203712825993e-05,0.0094841153153275
10,0.66,0.33,5000,"estimate_oracle",2.30349955118039,0.00935897728436536,0.000914458186348721,8.36233774580192e-07,0.00935981351813994
10,0.66,0.33,5000,"estimate_pi",2.30350891342831,0.00939907493960302,0.000923820434266087,8.53444194767582e-07,0.00939992838379779
10,0.66,0.33,10000,"estimate_c05",2.30321715009928,0.00461268217948382,0.000632057105237838,3.99496184281635e-07,0.0046130816756681
10,0.66,0.33,10000,"estimate_mle",2.30491468289996,0.0046267917089806,0.0023295899059157,5.4269891297443e-06,0.00463221869811034
10,0.66,0.33,10000,"estimate_oracle",2.30237922645043,0.00460504950402456,-0.000205866543611322,4.23810337784722e-08,0.00460509188505834
10,0.66,0.33,10000,"estimate_pi",2.30238116702051,0.00461499475814112,-0.000203925973532471,4.15858026811659e-08,0.0046150363439438
10,0.66,0.5,500,"estimate_c05",2.3053367086496,0.0586522156515728,0.0027516156555536,7.57138871588765e-06,0.0586597870402887
10,0.66,0.5,500,"estimate_mle",2.32204982659243,0.0602229950599924,0.0194647335983853,0.000378875854056109,0.0606018709140485
10,0.66,0.5,500,"estimate_oracle",2.2897823603439,0.0573200767383177,-0.0128027326501465,0.000163909963311128,0.0574839867016288
10,0.66,0.5,500,"estimate_pi",2.2900041155423,0.0592708250366317,-0.01258097745175,0.000158280993641442,0.0594291060302731
10,0.66,0.5,1000,"estimate_c05",2.30281050811939,0.0276289983633338,0.000225415125346018,5.0811978734761e-08,0.0276290491753125
10,0.66,0.5,1000,"estimate_mle",2.31102453886472,0.0279743315747324,0.00843944587067069,7.12242466039806e-05,0.0280455558213364
10,0.66,0.5,1000,"estimate_oracle",2.29506251331091,0.0273170422667245,-0.00752257968313819,5.65892050891634e-05,0.0273736314718136
10,0.66,0.5,1000,"estimate_pi",2.29509835625066,0.0277779915194412,-0.00748673674338773,5.6051227064792e-05,0.027834042746506
10,0.66,0.5,2000,"estimate_c05",2.30294417341923,0.0144877996569404,0.000359080425186953,1.28938751752443e-07,0.0144879285956922
10,0.66,0.5,2000,"estimate_mle",2.30702248052439,0.0145793035794974,0.0044373875303414,1.96904080944293e-05,0.0145989939875918
10,0.66,0.5,2000,"estimate_oracle",2.29906842345569,0.0144073146250006,-0.00351666953835128,1.23669646419678e-05,0.0144196815896426
10,0.66,0.5,2000,"estimate_pi",2.29908069304686,0.014525663551936,-0.0035043999471891,1.22808189898589e-05,0.0145379443709258
10,0.66,0.5,5000,"estimate_c05",2.30298210006515,0.00561978071812898,0.000397007071108124,1.57614614509851e-07,0.00561993833274349
10,0.66,0.5,5000,"estimate_mle",2.30460634065133,0.00563381859572396,0.00202124765728184,4.08544209206734e-06,0.00563790403781602
10,0.66,0.5,5000,"estimate_oracle",2.30143171033336,0.00560720927757161,-0.00115338266068576,1.33029156197057e-06,0.00560853956913358
10,0.66,0.5,5000,"estimate_pi",2.30143501396105,0.00562571422143197,-0.00115007903299391,1.32268178213221e-06,0.0056270369032141
10,0.66,0.5,10000,"estimate_c05",2.30365691213114,0.0028685738652496,0.00107181913709287,1.1487962626385e-06,0.00286972266151224
10,0.66,0.5,10000,"estimate_mle",2.30446844173824,0.00287212209885883,0.00188334874419471,3.5470024922598e-06,0.00287566910135109
10,0.66,0.5,10000,"estimate_oracle",2.30288172175076,0.00286539647380196,0.000296628756712103,8.79886193085679e-08,0.00286548446242127
10,0.66,0.5,10000,"estimate_pi",2.30288284398633,0.00287007883413,0.000297750992280132,8.86556534038035e-08,0.0028701674897834
10,0.66,0.9,500,"estimate_c05",2.30081574357999,0.14651670038714,-0.00176934941405715,3.13059734902439e-06,0.146519830984489
10,0.66,0.9,500,"estimate_mle",2.34576034780502,0.162194086074531,0.0431752548109769,0.00186410262799279,0.164058188702524
10,0.66,0.9,500,"estimate_oracle",2.28503554759148,0.144166679610571,-0.0175495454025643,0.000307986543836664,0.144474666154407
10,0.66,0.9,500,"estimate_pi",2.28519559173969,0.148053210153573,-0.0173895012543599,0.000302394753875384,0.148355604907448
10,0.66,0.9,1000,"estimate_c05",2.29853006557611,0.0692846903455676,-0.00405502741793207,1.64432473601808e-05,0.0693011335929278
10,0.66,0.9,1000,"estimate_mle",2.31962516836999,0.0724319211236444,0.0170400753759483,0.000290364168818,0.0727222852924624
10,0.66,0.9,1000,"estimate_oracle",2.29073625557497,0.0687654059247474,-0.0118488374190786,0.000140394948183757,0.0689058008729311
10,0.66,0.9,1000,"estimate_pi",2.29074302552885,0.0696403157902905,-0.011842067465194,0.000140234561850206,0.0697805503521407
10,0.66,0.9,2000,"estimate_c05",2.3016356193704,0.0353172128565381,-0.000949473623643726,9.01500161995148e-07,0.0353181143567
10,0.66,0.9,2000,"estimate_mle",2.31197793827453,0.0360625345408535,0.00939284528048878,8.82255424632004e-05,0.0361507600833167
10,0.66,0.9,2000,"estimate_oracle",2.29774017372305,0.0351872360180805,-0.00484491927099784,2.34732427424862e-05,0.035210709260823
10,0.66,0.9,2000,"estimate_pi",2.29774926412654,0.0354072206328662,-0.00483582886751011,2.33852408358441e-05,0.0354306058737021
10,0.66,0.9,5000,"estimate_c05",2.29869674695516,0.0140499179711761,-0.00388834603888633,1.5119234918123e-05,0.0140650372060942
10,0.66,0.9,5000,"estimate_mle",2.30276116974561,0.0141657010682535,0.000176076751562171,3.10030224406864e-08,0.0141657320712759
10,0.66,0.9,5000,"estimate_oracle",2.29714527461894,0.0140296681576296,-0.00543981837510277,2.95916239541057e-05,0.0140592597815837
10,0.66,0.9,5000,"estimate_pi",2.29714206822071,0.014064216391603,-0.00544302477333503,2.96265186831388e-05,0.0140938429102862
10,0.66,0.9,10000,"estimate_c05",2.304169940215,0.00707796329492711,0.00158484722095809,2.51174071377857e-06,0.00708047503564089
10,0.66,0.9,10000,"estimate_mle",2.30620204910583,0.00710647190949358,0.00361695611178225,1.3082371514559e-05,0.00711955428100814
10,0.66,0.9,10000,"estimate_oracle",2.30339254447118,0.00707269580914143,0.000807451477131238,6.51977887921418e-07,0.00707334778702935
10,0.66,0.9,10000,"estimate_pi",2.30339419676721,0.00708157530628525,0.000809103773161901,6.54648915744825e-07,0.00708222995520099
20,0.1,0.33,500,"estimate_c05",2.99551751692797,0.213576938736862,-0.000214756626023327,4.61204084209231e-08,0.21357698485727
20,0.1,0.33,500,"estimate_mle",3.07964682070263,0.250059303224742,0.0839145471486424,0.00704165122316174,0.257100954447903
20,0.1,0.33,500,"estimate_oracle",2.98216646251458,0.210614674537289,-0.0135658110394155,0.000184031229157126,0.210798705766446
20,0.1,0.33,500,"estimate_pi",2.9827304328774,0.21475967197073,-0.0130018406765862,0.000169047860979331,0.214928719831709
20,0.1,0.33,1000,"estimate_c05",2.99467685572801,0.104383800927661,-0.00105541782598007,1.11390678739649e-06,0.104384914834448
20,0.1,0.33,1000,"estimate_mle",3.03525896324387,0.113708644578028,0.0395266896898776,0.00156235919783988,0.115271003775868
20,0.1,0.33,1000,"estimate_oracle",2.98813003132842,0.103742252186772,-0.00760224222557193,5.77940868562689e-05,0.103800046273628
20,0.1,0.33,1000,"estimate_pi",2.98823421259537,0.104656255575988,-0.00749806095862038,5.62209181391871e-05,0.104712476494127
20,0.1,0.33,2000,"estimate_c05",2.99522421860772,0.0518066375025736,-0.000508054946272818,2.58119828432276e-07,0.051806895622402
20,0.1,0.33,2000,"estimate_mle",3.01463219906237,0.053836611445698,0.0188999255083795,0.000357207184222294,0.0541938186299203
20,0.1,0.33,2000,"estimate_oracle",2.99197144062943,0.0516557289653271,-0.00376083292456508,1.41438642864928e-05,0.0516698728296136
20,0.1,0.33,2000,"estimate_pi",2.99199538148622,0.0518729453391513,-0.00373689206776762,1.39643623261445e-05,0.0518869097014775
20,0.1,0.33,5000,"estimate_c05",2.99513998222644,0.0201530321576846,-0.000592291327550676,3.50809016691742e-07,0.0201533829667013
20,0.1,0.33,5000,"estimate_mle",3.00271635353561,0.020451620109028,0.00698407998161521,4.87773731895983e-05,0.0205003974822176
20,0.1,0.33,5000,"estimate_oracle",2.99384453191202,0.0201315105909699,-0.0018877416419687,3.56356850682268e-06,0.0201350741594767
20,0.1,0.33,5000,"estimate_pi",2.99384648668243,0.020163014393374,-0.00188578687155605,3.55619212493315e-06,0.0201665705854989
20,0.1,0.33,10000,"estimate_c05",2.99420720745981,0.010141444515318,-0.00152506609417635,2.32582659160632e-06,0.0101437703419096
20,0.1,0.33,10000,"estimate_mle",2.99797195861756,0.010214417271907,0.00223968506357286,5.01618918399137e-06,0.010219433461091
20,0.1,0.33,10000,"estimate_oracle",2.99355989694943,0.0101353533477851,-0.00217237660456027,4.71922011204079e-06,0.0101400725678971
20,0.1,0.33,10000,"estimate_pi",2.99355995880426,0.0101440567025275,-0.00217231474972746,4.71895137188346e-06,0.0101487756538993
20,0.1,0.5,500,"estimate_c05",2.99625292561041,0.422112309985312,0.00052065205641938,2.71078563853729e-07,0.422112581063876
20,0.1,0.5,500,"estimate_mle",3.07720876641143,0.359121923394377,0.0814764928574423,0.00663841888834885,0.365760342282726
20,0.1,0.5,500,"estimate_oracle",2.97782799683294,0.403439017155313,-0.0179042767210538,0.000320563124904068,0.403759580280217
20,0.1,0.5,500,"estimate_pi",2.98161650259512,0.424630856989276,-0.0141157709588677,0.000199254989763214,0.424830111979039
20,0.1,0.5,1000,"estimate_c05",3.01087395723892,0.224957754368467,0.0151416836849312,0.000229270584814511,0.225187024953282
20,0.1,0.5,1000,"estimate_mle",3.09963125881267,0.254398854435825,0.103898985258681,0.0107949991377837,0.265193853573608
20,0.1,0.5,1000,"estimate_oracle",3.00229176837672,0.220109789884562,0.00655949482272966,4.30269723294172e-05,0.220152816856892
20,0.1,0.5,1000,"estimate_pi",3.0033699742375,0.2254910062054,0.00763770068350578,5.83344717308246e-05,0.22554934067713
20,0.1,0.5,2000,"estimate_c05",3.00054878988438,0.104343941378656,0.0048165163303886,2.31988295609e-05,0.104367140208217
20,0.1,0.5,2000,"estimate_mle",3.04538974278501,0.115564415440804,0.0496574692310237,0.00246586425043006,0.118030279691234
20,0.1,0.5,2000,"estimate_oracle",2.99657540533945,0.10347541819554,0.000843131785458251,7.10871207650018e-07,0.103476129066747
20,0.1,0.5,2000,"estimate_pi",2.99674930612762,0.104455941832712,0.00101703257363406,1.03435525583272e-06,0.104456976187968
20,0.1,0.5,5000,"estimate_c05",2.99805960991624,0.0384529383201777,0.00232733636225291,5.4164945430646e-06,0.0384583548147207
20,0.1,0.5,5000,"estimate_mle",3.01499208014599,0.0398194867859534,0.0192598065920011,0.000370940149961289,0.0401904269359147
20,0.1,0.5,5000,"estimate_oracle",2.99651023183299,0.0383357216347933,0.000777958278997737,6.05219083861121e-07,0.0383363268538772
20,0.1,0.5,5000,"estimate_pi",2.9965315647797,0.0384689677487694,0.000799291225713983,6.38866463503361e-07,0.0384696066152329
20,0.1,0.5,10000,"estimate_c05",2.99883167696186,0.0189479859502708,0.00309940340787396,9.6063014847407e-06,0.0189575922517555
20,0.1,0.5,10000,"estimate_mle",3.00717247589332,0.0192653228636466,0.0114402023393336,0.000130878229564895,0.0193962010932115
20,0.1,0.5,10000,"estimate_oracle",2.99805805246232,0.0189198055326136,0.00232577890832619,5.40924753041498e-06,0.018925214780144
20,0.1,0.5,10000,"estimate_pi",2.99806669035336,0.0189519337557887,0.00233441679937352,5.4495017931973e-06,0.0189573832575819
20,0.1,0.9,500,"estimate_c05",2.20707662441177,0.317194353988232,-0.788655649142219,0.621977732923934,0.939172086912166
20,0.1,0.9,500,"estimate_mle",1.69514512371122,0.113216223873831,-1.30058714984277,1.69152693433614,1.80474315820997
20,0.1,0.9,500,"estimate_oracle",2.21047144626927,0.267695791858721,-0.785260827284724,0.61663456686789,0.88433035872661
20,0.1,0.9,500,"estimate_pi",2.15895918312965,0.324424322444261,-0.836773090424339,0.700189204858298,1.02461352730256
20,0.1,0.9,1000,"estimate_c05",2.62189761079498,0.446494869254492,-0.373834662759007,0.139752355080141,0.586247224334632
20,0.1,0.9,1000,"estimate_mle",2.292245082809,0.150677594844058,-0.703487190744995,0.494894227542285,0.645571822386343
20,0.1,0.9,1000,"estimate_oracle",2.60780594992625,0.404630081262364,-0.387926323627736,0.150486832563331,0.555116913825695
20,0.1,0.9,1000,"estimate_pi",2.5983283131938,0.448463604985784,-0.397403960360194,0.157929907709967,0.606393512695751
20,0.1,0.9,2000,"estimate_c05",2.86799297265312,0.523335015218577,-0.127739300900874,0.0163173289946439,0.539652344213221
20,0.1,0.9,2000,"estimate_mle",2.75467692754915,0.230595564865159,-0.241055346004838,0.0581076798375123,0.288703244702672
20,0.1,0.9,2000,"estimate_oracle",2.85220015176142,0.486953765204857,-0.143532121792571,0.0206014699862773,0.507555235191134
20,0.1,0.9,2000,"estimate_pi",2.85657040556512,0.52375323080722,-0.139161867988867,0.0193660255021509,0.543119256309371
20,0.1,0.9,5000,"estimate_c05",2.98142231671941,0.367495241485587,-0.0143099568345786,0.000204774864607502,0.367700016350194
20,0.1,0.9,5000,"estimate_mle",3.07728445827994,0.320410097540471,0.0815521847259491,0.00665075883357532,0.327060856374046
20,0.1,0.9,5000,"estimate_oracle",2.97436121893559,0.35288848116728,-0.0213710546184029,0.000456721975502762,0.353345203142783
20,0.1,0.9,5000,"estimate_pi",2.97700729635952,0.367591337437121,-0.0187249771944673,0.000350624770933321,0.367941962208054
20,0.1,0.9,10000,"estimate_c05",2.99645551986256,0.182300559339683,0.000723246308573344,5.23085222864969e-07,0.182301082424906
20,0.1,0.9,10000,"estimate_mle",3.0832445491722,0.210443373389911,0.0875122756182045,0.00765839838387659,0.218101771773788
20,0.1,0.9,10000,"estimate_oracle",2.99356463005813,0.17913656088785,-0.00216764349585796,4.69867832513533e-06,0.179141259566175
20,0.1,0.9,10000,"estimate_pi",2.99428507798696,0.182338382390097,-0.00144719556703565,2.09437500924765e-06,0.182340476765106
20,0.5,0.33,500,"estimate_c05",2.99258772288472,0.0827969244048615,-0.00314455066927533,9.8881989116399e-06,0.0828068126037731
20,0.5,0.33,500,"estimate_mle",3.02282104779824,0.0872055021403419,0.0270887742442518,0.000733801690056041,0.0879393038303979
20,0.5,0.33,500,"estimate_oracle",2.9796566347057,0.0811872987262609,-0.016075638848291,0.000258426164380683,0.0814457248906416
20,0.5,0.33,500,"estimate_pi",2.97991963238288,0.0832648751448673,-0.0158126411711135,0.000250039620806393,0.0835149147656737
20,0.5,0.33,1000,"estimate_c05",2.99641848858757,0.0399027072090331,0.000686215033579796,4.7089107231092e-07,0.0399031781001054
20,0.5,0.33,1000,"estimate_mle",3.01122724908614,0.0408800693698794,0.0154949755321483,0.000240094266741874,0.0411201636366213
20,0.5,0.33,1000,"estimate_oracle",2.98997476128341,0.0395201504001468,-0.00575751227057886,3.31489475458661e-05,0.0395532993476926
20,0.5,0.33,1000,"estimate_pi",2.99004976102454,0.0400161390923931,-0.00568251252944929,3.22909486473482e-05,0.0400484300410404
20,0.5,0.33,2000,"estimate_c05",2.99494932636741,0.0206200785583971,-0.000782947186581229,6.13006296975461e-07,0.0206206915646941
20,0.5,0.33,2000,"estimate_mle",3.00226479813109,0.0208632930718669,0.00653252457710174,4.26738773504383e-05,0.0209059669492173
20,0.5,0.33,2000,"estimate_oracle",2.99173867635262,0.0205241503351446,-0.00399359720136871,1.594881860678e-05,0.0205400991537513
20,0.5,0.33,2000,"estimate_pi",2.99175341829639,0.0206487013592128,-0.00397885525760344,1.58312891609586e-05,0.0206645326483737
20,0.5,0.33,5000,"estimate_c05",2.99612434455962,0.00788349741759977,0.000392071005626882,1.53719673453274e-07,0.00788365113727322
20,0.5,0.33,5000,"estimate_mle",2.99902923834208,0.00791964299950522,0.00329696478809183,1.08699768139174e-05,0.00793051297631913
20,0.5,0.33,5000,"estimate_oracle",2.99484096282245,0.00786881489192745,-0.000891310731540695,7.9443482015961e-07,0.00786960932674761
20,0.5,0.33,5000,"estimate_pi",2.99484428335958,0.00788793113243768,-0.000887990194406107,7.88526585361397e-07,0.00788871965902304
20,0.5,0.33,10000,"estimate_c05",2.99516089172979,0.00400537832867303,-0.000571381824201467,3.26477189027796e-07,0.00400570480586205
20,0.5,0.33,10000,"estimate_mle",2.99660938362553,0.00401452427220963,0.000877110071542564,7.69322077601402e-07,0.00401529359428724
20,0.5,0.33,10000,"estimate_oracle",2.99451996398172,0.00400167848162573,-0.00121230957227247,1.46969449902347e-06,0.00400314817612476
20,0.5,0.33,10000,"estimate_pi",2.99452027038763,0.00400649584648389,-0.00121200316636383,1.46895167527595e-06,0.00400796479815917
20,0.5,0.5,500,"estimate_c05",2.99875682893988,0.0524976016903218,0.00302455538588564,9.14793528228984e-06,0.0525067496256041
20,0.5,0.5,500,"estimate_mle",3.01615534804605,0.0535296523498998,0.020423074492057,0.000417101971708111,0.0539467543216079
20,0.5,0.5,500,"estimate_oracle",2.98615577234466,0.0517606529085306,-0.00957650120933273,9.17093754123513e-05,0.0518523622839429
20,0.5,0.5,500,"estimate_pi",2.98627839404425,0.052811876454202,-0.00945387950973986,8.93758377846792e-05,0.0529012522919866
20,0.5,0.5,1000,"estimate_c05",2.9944825607029,0.0272347738285357,-0.00124971285108932,1.56178221017781e-06,0.0272363356107459
20,0.5,0.5,1000,"estimate_mle",3.00306357564659,0.0274981479310993,0.0073313020925978,5.37479903729289e-05,0.0275518959214722
20,0.5,0.5,1000,"estimate_oracle",2.98818611762198,0.0270466973189361,-0.00754615593200603,5.69444693501497e-05,0.0271036417882863
20,0.5,0.5,1000,"estimate_pi",2.98820914960756,0.027314775618555,-0.00752312394642951,5.65973939133411e-05,0.0273713730124684
20,0.5,0.5,2000,"estimate_c05",2.99399594507571,0.0134212388627462,-0.00173632847827587,3.01483658447181e-06,0.0134242536993307
20,0.5,0.5,2000,"estimate_mle",2.99826279293616,0.0134850818316522,0.00253051938216498,6.40352834351261e-06,0.0134914853599957
20,0.5,0.5,2000,"estimate_oracle",2.99084767795133,0.013374734097373,-0.00488459560266286,2.38592742015533e-05,0.0133985933715746
20,0.5,0.5,2000,"estimate_pi",2.9908507768751,0.0134410809117769,-0.00488149667889148,2.38290098260286e-05,0.0134649099216029
20,0.5,0.5,5000,"estimate_c05",2.99517785500831,0.00548236618234533,-0.00055441854568361,3.0737992379793e-07,0.00548267356226913
20,0.5,0.5,5000,"estimate_mle",2.99688029571581,0.00549270307731239,0.00114802216182186,1.31795488403414e-06,0.00549402103219642
20,0.5,0.5,5000,"estimate_oracle",2.99391754225116,0.00547472175783053,-0.00181473130283338,3.29324970148335e-06,0.00547801500753201
20,0.5,0.5,5000,"estimate_pi",2.99391815379811,0.00548562294195827,-0.0018141197558772,3.29103048866394e-06,0.00548891397244694
20,0.5,0.5,10000,"estimate_c05",2.99653550747516,0.0026968946118316,0.000803233921172541,6.45184732122217e-07,0.00269753979656372
20,0.5,0.5,10000,"estimate_mle",2.99738628231215,0.00269941460677677,0.00165400875816379,2.73574497208254e-06,0.00270215035174886
20,0.5,0.5,10000,"estimate_oracle",2.99590465622467,0.0026949942530262,0.000172382670676097,2.97157851494236e-08,0.00269502396881134
20,0.5,0.5,10000,"estimate_pi",2.99590568356496,0.00269770759247145,0.000173410010964492,3.00710319027053e-08,0.00269773766350336
20,0.5,0.9,500,"estimate_c05",2.98250298617499,0.415164279118839,-0.0132292873789992,0.000175014044556148,0.415339293163395
20,0.5,0.9,500,"estimate_mle",3.06344672534801,0.349042062697544,0.0677144517940214,0.00458524698176484,0.353627309679309
20,0.5,0.9,500,"estimate_oracle",2.96489809709384,0.397457928643888,-0.0308341764601465,0.000950746437975454,0.398408675081863
20,0.5,0.9,500,"estimate_pi",2.96781488062194,0.417617446915123,-0.0279173929320469,0.000779380828122301,0.418396827743245
20,0.5,0.9,1000,"estimate_c05",3.00229288901608,0.208562068106648,0.00656061546209097,4.30416752414271e-05,0.20860510978189
20,0.5,0.9,1000,"estimate_mle",3.090869246215,0.236736064497769,0.095136972661007,0.00905104356710119,0.245787108064871
20,0.5,0.9,1000,"estimate_oracle",2.9939086545969,0.20438808551148,-0.00182361895708993,3.32558610065778e-06,0.204391411097581
20,0.5,0.9,1000,"estimate_pi",2.99478333928608,0.209056085493152,-0.000948934267908985,9.00476244811962e-07,0.209056985969397
20,0.5,0.9,2000,"estimate_c05",2.99968376696898,0.0963901226945109,0.00395149341499046,1.5614300208713e-05,0.0964057369947196
20,0.5,0.9,2000,"estimate_mle",3.04413927021758,0.106386502265978,0.0484069966635849,0.00234323732598832,0.108729739591966
20,0.5,0.9,2000,"estimate_oracle",2.99570958578132,0.0955779560660471,-2.26877726690056e-05,5.14735028680476e-10,0.0955779565807822
20,0.5,0.9,2000,"estimate_pi",2.99588643551765,0.0964947653455808,0.000154161963660027,2.37659110395154e-08,0.0964947891114918
20,0.5,0.9,5000,"estimate_c05",2.99483889663776,0.0393774558764123,-0.000893376916229816,7.98122314452295e-07,0.0393782539987268
20,0.5,0.9,5000,"estimate_mle",3.01171873068881,0.040768779923601,0.0159864571348165,0.000255566811723325,0.0410243467353244
20,0.5,0.9,5000,"estimate_oracle",2.99328480108642,0.0392575505124916,-0.00244747246756649,5.99012147949601e-06,0.0392635406339711
20,0.5,0.9,5000,"estimate_pi",2.99331075499878,0.03939404347812,-0.00242151855520767,5.86375211321504e-06,0.0393999072302332
20,0.5,0.9,10000,"estimate_c05",2.99422104364871,0.0193440137257246,-0.00151122990527952,2.28381582661115e-06,0.0193462975415512
20,0.5,0.9,10000,"estimate_mle",3.00253374175089,0.0196718881138864,0.0068014681969033,4.62599696334871e-05,0.0197181480835199
20,0.5,0.9,10000,"estimate_oracle",2.99345108232783,0.0193148996243353,-0.002281191226158,5.20383341030023e-06,0.0193201034577456
20,0.5,0.9,10000,"estimate_pi",2.99345547361993,0.0193480344977522,-0.00227679993406271,5.18381793974797e-06,0.0193532183156919
20,0.66,0.33,500,"estimate_c05",3.00438087690615,0.16048554227296,0.00864860335215933,7.47983399429817e-05,0.160560340612903
20,0.66,0.33,500,"estimate_mle",3.07684237116746,0.186178491220214,0.0811100976134718,0.00657884793486692,0.192757339155081
20,0.66,0.33,500,"estimate_oracle",2.98928295502797,0.155318621907327,-0.00644931852602015,4.15937094500668e-05,0.155360215616778
20,0.66,0.33,500,"estimate_pi",2.99037882659273,0.161281168065791,-0.00535344696125684,2.86593943669901e-05,0.161309827460158
20,0.66,0.33,1000,"estimate_c05",2.99707083642524,0.0764102355276758,0.00133856287124567,1.79175056027746e-06,0.0764120272782361
20,0.66,0.33,1000,"estimate_mle",3.03099267935403,0.0818247753906188,0.0352604058000368,0.00124329621718327,0.0830680716078021
20,0.66,0.33,1000,"estimate_oracle",2.98976482069845,0.0752647901022762,-0.00596745285554157,3.56104935831112e-05,0.0753004005958593
20,0.66,0.33,1000,"estimate_pi",2.98998085391488,0.0765947334038176,-0.00575141963911507,3.30788278651986e-05,0.0766278122316828
20,0.66,0.33,2000,"estimate_c05",2.99629728957384,0.0390556632318331,0.000565016019846265,3.19243102682915e-07,0.0390559824749358
20,0.66,0.33,2000,"estimate_mle",3.0127406100384,0.0403143923635772,0.0170083364844125,0.000289283509966996,0.0406036758735442
20,0.66,0.33,2000,"estimate_oracle",2.99267739338945,0.038772893641642,-0.00305488016454358,9.33229281972183e-06,0.0387822259344618
20,0.66,0.33,2000,"estimate_pi",2.99273454766824,0.0391028541852199,-0.00299772588574854,8.98636048608685e-06,0.039111840545706
20,0.66,0.33,5000,"estimate_c05",2.99396281476871,0.0152502155938409,-0.00176945878528567,3.13098439282464e-06,0.0152533465782338
20,0.66,0.33,5000,"estimate_mle",3.00042021292139,0.0154382594351819,0.00468793936739997,2.19767755124185e-05,0.0154602362106943
20,0.66,0.33,5000,"estimate_oracle",2.99252644997846,0.0152076488204401,-0.00320582357553434,1.02773047974518e-05,0.0152179261252375
20,0.66,0.33,5000,"estimate_pi",2.99253315762019,0.0152574365628653,-0.00319911593379985,1.02343427578921e-05,0.0152676709056232
20,0.66,0.33,10000,"estimate_c05",2.99392352489304,0.00776906541956415,-0.00180874866095282,3.27157171849862e-06,0.00777233699128265
20,0.66,0.33,10000,"estimate_mle",2.99713341432985,0.00781601427839915,0.00140114077585896,1.96319547377464e-06,0.00781797747387292
20,0.66,0.33,10000,"estimate_oracle",2.99320737282844,0.00775835564294186,-0.002524900725553,6.37512367389808e-06,0.00776473076661576
20,0.66,0.33,10000,"estimate_pi",2.99320785036111,0.00777090043522772,-0.0025244231928796,6.37271245674843e-06,0.00777727314768446
20,0.66,0.5,500,"estimate_c05",3.00869048116382,0.0791676930466604,0.0129582076098265,0.000167915144459365,0.0793356081911198
20,0.66,0.5,500,"estimate_mle",3.03768395157262,0.0830565403497873,0.0419516780186253,0.00175994328857841,0.0848164836383657
20,0.66,0.5,500,"estimate_oracle",2.99564590270874,0.077624602260454,-8.63708452536471e-05,7.45992290982946e-09,0.0776246097203769
20,0.66,0.5,500,"estimate_pi",2.99610670933269,0.0796208054199079,0.000374435778702775,1.40202152372754e-07,0.0796209456220602
20,0.66,0.5,1000,"estimate_c05",2.99216278189044,0.0376157965505668,-0.0035694916635518,1.27412707361658e-05,0.0376285378213029
20,0.66,0.5,1000,"estimate_mle",3.00614009605509,0.0384559632632974,0.0104078225011022,0.000108322769214449,0.0385642860325119
20,0.66,0.5,1000,"estimate_oracle",2.98576481803228,0.0372728306538129,-0.00996745552170752,9.93501695772178e-05,0.0373721808233901
20,0.66,0.5,1000,"estimate_pi",2.98580728117054,0.0377220401962322,-0.00992499238344724,9.85054738114857e-05,0.0378205456700437
20,0.66,0.5,2000,"estimate_c05",2.99411281492523,0.0193861610027636,-0.00161945862875834,2.62264625025985e-06,0.0193887836490139
20,0.66,0.5,2000,"estimate_mle",3.00104274894684,0.0195956237221321,0.00531047539285234,2.82011488980902e-05,0.0196238248710302
20,0.66,0.5,2000,"estimate_oracle",2.9909174816575,0.0192977298121547,-0.0048147918964907,2.31822210065125e-05,0.0193209120331612
20,0.66,0.5,2000,"estimate_pi",2.99092510605814,0.0194134511790871,-0.00480716749585008,2.31088593331576e-05,0.0194365600384202
20,0.66,0.5,5000,"estimate_c05",2.99678058981122,0.00760875228123805,0.00104831625722746,1.09896697516738e-06,0.00760985124821322
20,0.66,0.5,5000,"estimate_mle",2.9995379923593,0.00764108787081572,0.00380571880530578,1.44834956250581e-05,0.00765557136644078
20,0.66,0.5,5000,"estimate_oracle",2.99549978035479,0.00759473384003999,-0.000232493199204598,5.40530876763887e-08,0.00759478789312767
20,0.66,0.5,5000,"estimate_pi",2.99550485799882,0.00761310426446394,-0.000227415555166921,5.17178347318789e-08,0.00761315598229867
20,0.66,0.5,10000,"estimate_c05",2.99538549045733,0.00384140785074815,-0.00034678309666214,1.20258516130583e-07,0.00384152810926428
20,0.66,0.5,10000,"estimate_mle",2.99676148160638,0.00384956752138323,0.00102920805238416,1.05926921509239e-06,0.00385062679059832
20,0.66,0.5,10000,"estimate_oracle",2.99474657178505,0.00383789005204266,-0.000985701768938974,9.71607977289422e-07,0.00383886166001995
20,0.66,0.5,10000,"estimate_pi",2.99474670001533,0.00384250261939385,-0.000985573538660134,9.71355200107058e-07,0.00384347397459396
20,0.66,0.9,500,"estimate_c05",3.00298172710013,0.239782557087312,0.00724945354613915,5.25545767176295e-05,0.23983511166403
20,0.66,0.9,500,"estimate_mle",3.08651193592921,0.267130851659779,0.0907796623752195,0.00824094710095884,0.275371798760737
20,0.66,0.9,500,"estimate_oracle",2.98919065502145,0.235397470942854,-0.00654161853254065,4.27927730252793e-05,0.235440263715879
20,0.66,0.9,500,"estimate_pi",2.99016153534885,0.241076754342762,-0.00557073820513887,3.10331241501938e-05,0.241107787466912
20,0.66,0.9,1000,"estimate_c05",2.98771786934284,0.11042580720398,-0.00801440421114785,6.42306748596644e-05,0.11049003787884
20,0.66,0.9,1000,"estimate_mle",3.03022043955611,0.121162876239218,0.0344881660021228,0.00118943359418998,0.122352309833408
20,0.66,0.9,1000,"estimate_oracle",2.9811090793781,0.109712020325206,-0.0146231941758939,0.000213837807905896,0.109925858133112
20,0.66,0.9,1000,"estimate_pi",2.98123470403545,0.110707453654346,-0.0144975695185425,0.000210179521944973,0.110917633176291
20,0.66,0.9,2000,"estimate_c05",3.00179364857352,0.0535587013979173,0.00606137501952997,3.67402671273819e-05,0.0535954416650447
20,0.66,0.9,2000,"estimate_mle",3.02231225086963,0.0558050686023444,0.0265799773156425,0.000706495194100072,0.0565115637964445
20,0.66,0.9,2000,"estimate_oracle",2.9984995765399,0.0533888629253797,0.00276730298591366,7.65796581584663e-06,0.0533965208911956
20,0.66,0.9,2000,"estimate_pi",2.9985519115789,0.0536249690919493,0.00281963802490814,7.9503585915079e-06,0.0536329194505408
20,0.66,0.9,5000,"estimate_c05",2.99507018514666,0.0217062285795327,-0.000662088407332728,4.38361059124389e-07,0.0217066669405918
20,0.66,0.9,5000,"estimate_mle",3.0030597754198,0.0220439564526688,0.00732750186580988,5.36922835934473e-05,0.0220976487362622
20,0.66,0.9,5000,"estimate_oracle",2.99376573474852,0.0216792963380843,-0.00196653880546904,3.86727487341561e-06,0.0216831636129577
20,0.66,0.9,5000,"estimate_pi",2.99376867289289,0.0217169478054893,-0.00196360066109769,3.85572755626327e-06,0.0217208035330455
20,0.66,0.9,10000,"estimate_c05",2.99733370551602,0.0102879096213837,0.00160143196203366,2.56458432902298e-06,0.0102904742057128
20,0.66,0.9,10000,"estimate_mle",3.00130237376802,0.0103666387455597,0.00557010021403226,3.10260163943622e-05,0.010397664761954
20,0.66,0.9,10000,"estimate_oracle",2.99668138911776,0.0102814912675206,0.000949115563764202,9.0082035337944e-07,0.010282392087874
20,0.66,0.9,10000,"estimate_pi",2.9966830005945,0.0102904531233996,0.000950727040507804,9.03881905552727e-07,0.0102913570053052
50,0.1,0.33,500,"estimate_c05",3.89868141449772,0.440653066484787,-0.0133415909304291,0.000177998048554908,0.440831064533342
50,0.1,0.33,500,"estimate_mle",3.9723927922702,0.357881172620046,0.0603697868420525,0.00364451116335486,0.361525683783401
50,0.1,0.33,500,"estimate_oracle",3.88728594458,0.435669153385428,-0.0247370608481465,0.000611922179404904,0.436281075564833
50,0.1,0.33,500,"estimate_pi",3.88792501620638,0.442400678001354,-0.0240979892217679,0.00058071308453244,0.442981391085887
50,0.1,0.33,1000,"estimate_c05",3.91641022339878,0.218966008409593,0.00438721797063524,1.92476815218648e-05,0.218985256091114
50,0.1,0.33,1000,"estimate_mle",4.01334619815668,0.252494037176353,0.101323192728534,0.0102663893847036,0.262760426561057
50,0.1,0.33,1000,"estimate_oracle",3.91058933422111,0.21771516429415,-0.00143367120703131,2.0554131298706e-06,0.21771721970728
50,0.1,0.33,1000,"estimate_pi",3.91085107721803,0.219273432492016,-0.00117192821011303,1.37341572965872e-06,0.219274805907746
50,0.1,0.33,2000,"estimate_c05",3.91540638289959,0.10999461051539,0.00338337747144069,1.14472431142524e-05,0.110006057758504
50,0.1,0.33,2000,"estimate_mle",3.96466244297053,0.123003411985856,0.0526394375423846,0.00277091038477861,0.125774322370634
50,0.1,0.33,2000,"estimate_oracle",3.91252249480424,0.109682154986575,0.000499489376098783,2.49489636835551e-07,0.109682404476212
50,0.1,0.33,2000,"estimate_pi",3.91258414784906,0.110057792700183,0.000561142420915761,3.14880816551201e-07,0.110058107581
50,0.1,0.33,5000,"estimate_c05",3.90985860289787,0.0413368778256278,-0.00216440253027494,4.68463831306058e-06,0.0413415624639409
50,0.1,0.33,5000,"estimate_mle",3.92830129810267,0.0428900573186643,0.0162782926745191,0.000264982812397302,0.0431550401310616
50,0.1,0.33,5000,"estimate_oracle",3.90871493594705,0.0412921249295954,-0.00330806948109919,1.09433236917798e-05,0.0413030682532872
50,0.1,0.33,5000,"estimate_pi",3.90872055952613,0.0413458541770463,-0.00330244590201234,1.09061489357181e-05,0.041356760325982
50,0.1,0.33,10000,"estimate_c05",3.91613868393236,0.0205317875617278,0.00411567850421068,1.69388095500219e-05,0.0205487263712778
50,0.1,0.33,10000,"estimate_mle",3.92527889014271,0.0209054722719206,0.0132558847145616,0.000175718479565749,0.0210811907514863
50,0.1,0.33,10000,"estimate_oracle",3.91556498051108,0.020520827258309,0.00354197508293019,1.25455874880983e-05,0.0205333728457971
50,0.1,0.33,10000,"estimate_pi",3.91556875700346,0.0205339348043394,0.00354575157531167,1.25723542338252e-05,0.0205465071585732
50,0.1,0.5,500,"estimate_c05",3.78348400365299,0.556622989807747,-0.128539001775152,0.0165222749773526,0.5731452647851
50,0.1,0.5,500,"estimate_mle",3.64316474588397,0.262224373054044,-0.268858259544173,0.0722847637251217,0.334509136779166
50,0.1,0.5,500,"estimate_oracle",3.76944728326305,0.542100824037887,-0.142575722165097,0.020327836550899,0.562428660588786
50,0.1,0.5,500,"estimate_pi",3.77103865129589,0.559623527976005,-0.140984354132254,0.0198765881100889,0.579500116086094
50,0.1,0.5,1000,"estimate_c05",3.89085498660244,0.439470294514485,-0.0211680188257084,0.000448085021005545,0.439918379535491
50,0.1,0.5,1000,"estimate_mle",3.95562031734956,0.327192821351452,0.0435973119214115,0.00190072560677285,0.329093546958225
50,0.1,0.5,1000,"estimate_oracle",3.88254271284431,0.431099065121166,-0.029480292583834,0.000869087650828458,0.431968152771995
50,0.1,0.5,1000,"estimate_pi",3.88426867331777,0.440359618279074,-0.0277543321103755,0.000770302950893019,0.441129921229967
50,0.1,0.5,2000,"estimate_c05",3.92565743507928,0.243971151584851,0.0136344296511379,0.000185897671911829,0.244157049256763
50,0.1,0.5,2000,"estimate_mle",4.02695490106444,0.265718721896574,0.114931895636298,0.013209340634553,0.278928062531127
50,0.1,0.5,2000,"estimate_oracle",3.9217608632093,0.241810312836018,0.00973785778115577,9.48258741660159e-05,0.241905138710184
50,0.1,0.5,2000,"estimate_pi",3.9222401375872,0.244137325099986,0.0102171321590521,0.000104389789555536,0.244241714889541
50,0.1,0.5,5000,"estimate_c05",3.91010167740294,0.090773307415278,-0.0019213280252024,3.69150138042814e-06,0.0907769989166584
50,0.1,0.5,5000,"estimate_mle",3.95358344340197,0.0999420959524032,0.0415604379738275,0.00172727000457636,0.10166936595698
50,0.1,0.5,5000,"estimate_oracle",3.90864613111038,0.0905000335061175,-0.00337687431776201,1.14032801579607e-05,0.0905114367862754
50,0.1,0.5,5000,"estimate_pi",3.90870501629376,0.0907905929834984,-0.00331798913438108,1.10090518958709e-05,0.0908016020353943
50,0.1,0.5,10000,"estimate_c05",3.91171569326764,0.0451226471918824,-0.000307312160506168,9.44407639949687e-08,0.0451227416326464
50,0.1,0.5,10000,"estimate_mle",3.93264329236069,0.0471147886766918,0.0206202869325476,0.000425196233180593,0.0475399849098724
50,0.1,0.5,10000,"estimate_oracle",3.91100100437132,0.045061550286318,-0.00102200105682204,1.04448616014537e-06,0.0450625947724781
50,0.1,0.5,10000,"estimate_pi",3.91101343394121,0.0451264981103705,-0.00100957148693759,1.01923458723737e-06,0.0451275173449578
50,0.1,0.9,500,"estimate_c05",2.38361658185989,0.184058696016075,-1.52840642356825,2.3360261956047,2.52008489162078
50,0.1,0.9,500,"estimate_mle",1.76613310787173,0.0662794039363803,-2.14588989755641,4.60484345243468,4.67112285637106
50,0.1,0.9,500,"estimate_oracle",2.41177973499941,0.14779476229374,-1.50024327042873,2.2507298704667,2.39852463276044
50,0.1,0.9,500,"estimate_pi",2.33709258307804,0.188883327683875,-1.57493042235011,2.48040583524389,2.66928916292777
50,0.1,0.9,1000,"estimate_c05",2.95031246124687,0.261291203726163,-0.961710544181275,0.924887170789444,1.18617837451561
50,0.1,0.9,1000,"estimate_mle",2.43650200205081,0.0721501280972748,-1.47552100337733,2.17716223140765,2.24931235950492
50,0.1,0.9,1000,"estimate_oracle",2.95570092558971,0.239442732741234,-0.956322079838438,0.914551920386515,1.15399465312775
50,0.1,0.9,1000,"estimate_pi",2.92734588340277,0.262390655324914,-0.984677122025378,0.969589034640182,1.2319796899651
50,0.1,0.9,2000,"estimate_c05",3.41755763385775,0.399751734999872,-0.494465371570398,0.244496003682252,0.644247738682124
50,0.1,0.9,2000,"estimate_mle",3.03038100102374,0.119137852474316,-0.881642004404405,0.777292623930217,0.896430476404533
50,0.1,0.9,2000,"estimate_oracle",3.41240641396196,0.38208906982357,-0.499616591466185,0.249616738468289,0.631705808291859
50,0.1,0.9,2000,"estimate_pi",3.40630111661098,0.399857387500788,-0.50572188881717,0.255754628828806,0.655612016329594
50,0.1,0.9,5000,"estimate_c05",3.80168997475004,0.522902908798444,-0.110333030678106,0.0121733776586158,0.53507628645706
50,0.1,0.9,5000,"estimate_mle",3.68701554621478,0.232981294670485,-0.225007459213369,0.050628356701656,0.283609651372141
50,0.1,0.9,5000,"estimate_oracle",3.79527442409569,0.508385150986666,-0.116748581332461,0.0136302312431422,0.522015382229808
50,0.1,0.9,5000,"estimate_pi",3.79732812761583,0.522815400467162,-0.114694877812316,0.0131549149963821,0.535970315463544
50,0.1,0.9,10000,"estimate_c05",3.90053573632223,0.439677701102456,-0.0114872691059116,0.000131957351511631,0.439809658453968
50,0.1,0.9,10000,"estimate_mle",3.9604148960631,0.317897710974826,0.0483918906349565,0.00234177507922559,0.320239486054052
50,0.1,0.9,10000,"estimate_oracle",3.89690211985759,0.431751112905099,-0.0151208855705587,0.00022864118043793,0.431979754085537
50,0.1,0.9,10000,"estimate_pi",3.89841026260213,0.439647360621305,-0.0136127428260138,0.000185306767247189,0.439832667388552
50,0.5,0.33,500,"estimate_c05",3.91252177259132,0.149070033524685,0.000498767163170655,2.48768683057303e-07,0.149070282293368
50,0.5,0.33,500,"estimate_mle",3.97977765395065,0.167441512093577,0.0677546485225031,0.00459069239640793,0.172032204489985
50,0.5,0.33,500,"estimate_oracle",3.90105850257973,0.146038497568046,-0.0109645028484184,0.000120220322712976,0.146158717890759
50,0.5,0.33,500,"estimate_pi",3.90174688055807,0.149500644447915,-0.0102761248700762,0.000105598742345399,0.149606243190261
50,0.5,0.33,1000,"estimate_c05",3.91499957240451,0.0740883645678683,0.00297656697636706,8.85995096479892e-06,0.0740972245188331
50,0.5,0.33,1000,"estimate_mle",3.94744758999005,0.0787473723181883,0.0354245845619019,0.00125490119138334,0.0800022735095716
50,0.5,0.33,1000,"estimate_oracle",3.90937620540733,0.073420131222589,-0.00264680002081485,7.00555035018551e-06,0.0734271367729392
50,0.5,0.33,1000,"estimate_pi",3.90954445982811,0.0741887816754516,-0.00247854560003624,6.14318829145901e-06,0.0741949248637431
50,0.5,0.33,2000,"estimate_c05",3.91581540479511,0.0378181065704458,0.00379239936696329,1.43822929585436e-05,0.0378324888634044
50,0.5,0.33,2000,"estimate_mle",3.93160972355681,0.0389106362675841,0.0195867181286671,0.000383639527051856,0.039294275794636
50,0.5,0.33,2000,"estimate_oracle",3.91302397637164,0.0376558272676156,0.00100097094349083,1.00194282971292e-06,0.0376568292104453
50,0.5,0.33,2000,"estimate_pi",3.91307161005588,0.0378425550001141,0.00104860462772915,1.099571665295e-06,0.0378436545717794
50,0.5,0.33,5000,"estimate_c05",3.91265290175342,0.0142439535366634,0.000629896325271329,3.96769380590323e-07,0.014244350306044
50,0.5,0.33,5000,"estimate_mle",3.91886507149599,0.0143997440514619,0.00684206606784654,4.6813868076777e-05,0.0144465579195387
50,0.5,0.33,5000,"estimate_oracle",3.91154564239966,0.014219647155572,-0.000477363028486,2.27875460965325e-07,0.0142198750310329
50,0.5,0.33,5000,"estimate_pi",3.91155104438178,0.0142476422472199,-0.00047196104636793,2.22747229288712e-07,0.0142478649944492
50,0.5,0.33,10000,"estimate_c05",3.91096826566554,0.00718385374238203,-0.00105473976260839,1.11247596682721e-06,0.00718496621834886
50,0.5,0.33,10000,"estimate_mle",3.91405332843926,0.00722240724025245,0.00203032301111872,4.12221152947818e-06,0.00722652945178193
50,0.5,0.33,10000,"estimate_oracle",3.91041517972121,0.00717778663964515,-0.00160782570694051,2.58510350389876e-06,0.00718037174314904
50,0.5,0.33,10000,"estimate_pi",3.91041676661767,0.00718478111449261,-0.00160623881047561,2.58000311627811e-06,0.00718736111760889
50,0.5,0.5,500,"estimate_c05",3.91869490019854,0.0749012351025829,0.00667189477039409,4.45141798272121e-05,0.0749457492824102
50,0.5,0.5,500,"estimate_mle",3.94733737774302,0.0772759019179939,0.0353143723148714,0.00124710489199336,0.0785230068099873
50,0.5,0.5,500,"estimate_oracle",3.90798238960417,0.0740721646318321,-0.00404061582397608,1.63265762369659e-05,0.0740884912080691
50,0.5,0.5,500,"estimate_pi",3.9082255487436,0.0751297446907267,-0.00379745668455067,1.44206772710386e-05,0.0751441653679977
50,0.5,0.5,1000,"estimate_c05",3.91441309669132,0.038154403158145,0.00239009126317091,5.71253624628593e-06,0.0381601156943913
50,0.5,0.5,1000,"estimate_mle",3.92849043716616,0.0387314012229295,0.0164674317380187,0.000271176308046305,0.0390025775309758
50,0.5,0.5,1000,"estimate_oracle",3.90908083522978,0.0379464661817694,-0.00294217019836962,8.65636547617433e-06,0.0379551225472456
50,0.5,0.5,1000,"estimate_pi",3.90913530127404,0.0382115834060396,-0.00288770415410511,8.3388352816359e-06,0.0382199222413212
50,0.5,0.5,2000,"estimate_c05",3.90741452410611,0.0184495560331007,-0.00460848132203262,2.12381000955235e-05,0.0184707941331962
50,0.5,0.5,2000,"estimate_mle",3.91437592064958,0.0185853491197875,0.0023529152214361,5.5362100392657e-06,0.0185908853298267
50,0.5,0.5,2000,"estimate_oracle",3.9047604657582,0.0183995403506728,-0.0072625396699415,5.2744482457474e-05,0.0184522848331302
50,0.5,0.5,2000,"estimate_pi",3.90476337949485,0.0184634737886175,-0.00725962593330065,5.27021686914513e-05,0.0185161759573089
50,0.5,0.5,5000,"estimate_c05",3.91216962319557,0.00735612443901604,0.00014661776742475,2.14967697246182e-08,0.00735614593578577
50,0.5,0.5,5000,"estimate_mle",3.9149495587086,0.00737757347875176,0.00292655328045299,8.56471410333017e-06,0.00738613819285509
50,0.5,0.5,5000,"estimate_oracle",3.91110590545447,0.00734800916781185,-0.000917099973679836,8.41072361723555e-07,0.00734885024017357
50,0.5,0.5,5000,"estimate_pi",3.91110754529907,0.0073583670318066,-0.000915460129071732,8.38067247920033e-07,0.00735920509905452
50,0.5,0.5,10000,"estimate_c05",3.91145266862111,0.00381552734547572,-0.000570336807034444,3.25284073458244e-07,0.00381585262954918
50,0.5,0.5,10000,"estimate_mle",3.91284029547534,0.00382107760376555,0.000817290047193886,6.67963021242184e-07,0.00382174556678679
50,0.5,0.5,10000,"estimate_oracle",3.91092115075369,0.00381344358450894,-0.00110185467445678,1.21408372362226e-06,0.00381465766823256
50,0.5,0.5,10000,"estimate_pi",3.91092116295676,0.00381610347452153,-0.00110184247138179,1.21405683174072e-06,0.00381731753135327
50,0.5,0.9,500,"estimate_c05",3.79471228730353,0.550268419727241,-0.117310718124619,0.0137618045869138,0.564030224314155
50,0.5,0.9,500,"estimate_mle",3.65430454537677,0.250803146152346,-0.257718460051378,0.0664188046512537,0.3172219508036
50,0.5,0.9,500,"estimate_oracle",3.78086329649424,0.535382551598311,-0.131159708933904,0.0172028692476264,0.552585420845937
50,0.5,0.9,500,"estimate_pi",3.78228034355937,0.553255502462088,-0.129742661868771,0.0168331583087943,0.570088660770882
50,0.5,0.9,1000,"estimate_c05",3.90556479330774,0.46031552234789,-0.00645821212040953,4.17085037922046e-05,0.460357230851682
50,0.5,0.9,1000,"estimate_mle",3.95637536066295,0.326073440050566,0.044352355234802,0.00196713141487407,0.32804057146544
50,0.5,0.9,1000,"estimate_oracle",3.8967053106045,0.450209793747012,-0.0153176948236422,0.000234631774710235,0.450444425521722
50,0.5,0.9,1000,"estimate_pi",3.89899654943421,0.46125018866773,-0.0130264559939346,0.000169688555761914,0.461419877223492
50,0.5,0.9,2000,"estimate_c05",3.90402470017857,0.248480430469744,-0.00799830524957379,6.39728868653596e-05,0.248544403356609
50,0.5,0.9,2000,"estimate_mle",4.00565789499226,0.276911467340955,0.0936348895641115,0.00876749254368335,0.285678959884639
50,0.5,0.9,2000,"estimate_oracle",3.90009780185077,0.245967436764353,-0.0119252035773716,0.000142210480361756,0.246109647244715
50,0.5,0.9,2000,"estimate_pi",3.90060048588658,0.248650680113874,-0.0114225195415689,0.000130473952677524,0.248781154066552
50,0.5,0.9,5000,"estimate_c05",3.92065393965738,0.0945464223304612,0.00863093422923722,7.44930256694187e-05,0.0946209153561306
50,0.5,0.9,5000,"estimate_mle",3.96469501547892,0.104313350706219,0.0526720100507774,0.00277434064278919,0.107087691349008
50,0.5,0.9,5000,"estimate_oracle",3.91918802164289,0.0942574112763952,0.00716501621474785,5.13374573575997e-05,0.0943087487337528
50,0.5,0.9,5000,"estimate_pi",3.91925794911416,0.0945641422665375,0.00723494368601152,5.23444101397579e-05,0.0946164866766773
50,0.5,0.9,10000,"estimate_c05",3.91348650123711,0.0441277280730448,0.00146349580896299,2.14181998285223e-06,0.0441298698930277
50,0.5,0.9,10000,"estimate_mle",3.9344322733679,0.0460817962605981,0.0224092679397518,0.00050217528959559,0.0465839715501937
50,0.5,0.9,10000,"estimate_oracle",3.91276631025438,0.0440636176807006,0.000743304826233526,5.52502064702053e-07,0.0440641701827653
50,0.5,0.9,10000,"estimate_pi",3.9127844356515,0.0441316053700479,0.00076143022335895,5.7977598504446e-07,0.044132185146033
50,0.66,0.33,500,"estimate_c05",3.90581513808943,0.375980692201719,-0.00620786733871803,3.85376168951221e-05,0.376019229818614
50,0.66,0.33,500,"estimate_mle",3.9949669523189,0.32037716776343,0.0829439468907558,0.00687969832581652,0.327256866089247
50,0.66,0.33,500,"estimate_oracle",3.89082442862715,0.361194137393936,-0.0211985768009986,0.000449379658387835,0.361643517052324
50,0.66,0.33,500,"estimate_pi",3.89365649326569,0.377355313085998,-0.0183665121624514,0.000337328769013477,0.377692641855012
50,0.66,0.33,1000,"estimate_c05",3.91193819709786,0.186030681381017,-8.48083302891212e-05,7.19245288642867e-09,0.18603068857347
50,0.66,0.33,1000,"estimate_mle",3.99538093291565,0.213988946731277,0.083357927487508,0.00694854407501265,0.22093749080629
50,0.66,0.33,1000,"estimate_oracle",3.90500871991502,0.182750641230992,-0.00701428551312855,4.9200201259685e-05,0.182799841432252
50,0.66,0.33,1000,"estimate_pi",3.90565345502344,0.186270678501197,-0.00636955040470655,4.05711723580973e-05,0.186311249673555
50,0.66,0.33,2000,"estimate_c05",3.9076809060684,0.0853581013697579,-0.00434209935975094,1.88538268499495e-05,0.0853769551966078
50,0.66,0.33,2000,"estimate_mle",3.94838003550371,0.0930455097787502,0.036357030075564,0.00132183363591547,0.0943673434146657
50,0.66,0.33,2000,"estimate_oracle",3.90438005864527,0.0847660753485389,-0.0076429467828758,5.84146355258716e-05,0.0848244899840647
50,0.66,0.33,2000,"estimate_pi",3.90449420248153,0.0854043993534565,-0.00752880294662051,5.66828738090416e-05,0.0854610822272655
50,0.66,0.33,5000,"estimate_c05",3.90982571734567,0.0340925103276684,-0.00219728808247499,4.82807491738662e-06,0.0340973384025858
50,0.66,0.33,5000,"estimate_mle",3.92544996954151,0.0351778390513984,0.013426964113362,0.00018028336530151,0.0353581224166999
50,0.66,0.33,5000,"estimate_oracle",3.90852177443806,0.0340030782711245,-0.00350123099008837,1.22586184459552e-05,0.0340153368895704
50,0.66,0.33,5000,"estimate_pi",3.90854203122247,0.034099265318464,-0.00348097420567939,1.21171814206052e-05,0.0341113824998846
50,0.66,0.33,10000,"estimate_c05",3.91267360296969,0.0169208782283234,0.000650597541544951,4.23277161064334e-07,0.0169213015054845
50,0.66,0.33,10000,"estimate_mle",3.92040774527533,0.0171813839801857,0.0083847398471808,7.03038623049015e-05,0.0172516878424906
50,0.66,0.33,10000,"estimate_oracle",3.91202467200877,0.0168993346310129,1.66658062727976e-06,2.77749098722419e-12,0.0168993346337904
50,0.66,0.33,10000,"estimate_pi",3.91203027261208,0.0169225023019639,7.26718393639914e-06,5.28119623654576e-11,0.0169225023547759
50,0.66,0.5,500,"estimate_c05",3.92011671062145,0.150062910200408,0.00809370519330432,6.55080637561214e-05,0.150128418264164
50,0.66,0.5,500,"estimate_mle",3.98464043501486,0.172094095188498,0.0726174295867179,0.00527329107978193,0.17736738626828
50,0.66,0.5,500,"estimate_oracle",3.90868021022588,0.147173188776637,-0.00334279520226533,1.11742797642881e-05,0.147184363056402
50,0.66,0.5,500,"estimate_pi",3.90939857648881,0.150485656503509,-0.0026244289393329,6.88762725760802e-06,0.150492544130767
50,0.66,0.5,1000,"estimate_c05",3.9155254083952,0.0674225486797428,0.00350240296704918,1.22668265435949e-05,0.0674348155062864
50,0.66,0.5,1000,"estimate_mle",3.94566772392694,0.0712008792698914,0.0336447184987967,0.00113196708286327,0.0723328463527547
50,0.66,0.5,1000,"estimate_oracle",3.90994156674726,0.0668513104476691,-0.00208143868088717,4.33238698229333e-06,0.0668556428346514
50,0.66,0.5,1000,"estimate_pi",3.91010143739239,0.0675130804385253,-0.00192156803575427,3.69242371603254e-06,0.0675167728622414
50,0.66,0.5,2000,"estimate_c05",3.91347940039665,0.0348220855699307,0.00145639496850869,2.12108630429743e-06,0.034824206656235
50,0.66,0.5,2000,"estimate_mle",3.92822707205926,0.0357434692220308,0.0162040666311114,0.000262571775385498,0.0360060409974163
50,0.66,0.5,2000,"estimate_oracle",3.91072215027458,0.0346769726395229,-0.00130085515356582,1.69222413055874e-06,0.0346786648636535
50,0.66,0.5,2000,"estimate_pi",3.91074859463096,0.0348449056875496,-0.00127441079718604,1.62412287998437e-06,0.0348465298104296
50,0.66,0.5,5000,"estimate_c05",3.91166568902688,0.0135254285872686,-0.000357316401265351,1.27675010613221e-07,0.0135255562622792
50,0.66,0.5,5000,"estimate_mle",3.91746766649388,0.0136607158452035,0.00544466106572949,2.96443341206706e-05,0.0136903601793242
50,0.66,0.5,5000,"estimate_oracle",3.91056623946731,0.0135033854653677,-0.00145676596083311,2.122167064642e-06,0.0135055076324323
50,0.66,0.5,5000,"estimate_pi",3.91057003899004,0.0135289278473232,-0.00145296643810422,2.11111147025726e-06,0.0135310389587934
50,0.66,0.5,10000,"estimate_c05",3.91236662889899,0.00699458752089174,0.000343623470842935,1.18077089714146e-07,0.00699470559798145
50,0.66,0.5,10000,"estimate_mle",3.91525352071531,0.00702922103339017,0.00323051528716212,1.04362290205881e-05,0.00703965726241076
50,0.66,0.5,10000,"estimate_oracle",3.91181631742673,0.00698876298945036,-0.000206688001415323,4.27199299290605e-08,0.00698880570938029
50,0.66,0.5,10000,"estimate_pi",3.91181841654766,0.00699551143510389,-0.000204588880484913,4.18566100180699e-08,0.0069955532917139
50,0.66,0.9,500,"estimate_c05",3.88275940397392,0.438153017629889,-0.0292636014542258,0.000856358370071766,0.439009375999961
50,0.66,0.9,500,"estimate_mle",3.95767799757237,0.348114388169719,0.04565499214422,0.00208437830768879,0.350198766477408
50,0.66,0.9,500,"estimate_oracle",3.87133284095455,0.43269797933379,-0.040690164473598,0.00165568948488845,0.434353668818678
50,0.66,0.9,500,"estimate_pi",3.87191491276783,0.439926936764637,-0.0401080926603203,0.00160865909684884,0.441535595861486
50,0.66,0.9,1000,"estimate_c05",3.92114879946326,0.242566689790499,0.00912579403511327,8.32801167713089e-05,0.24264996990727
50,0.66,0.9,1000,"estimate_mle",4.02031248495661,0.273213244035274,0.108289479528468,0.0117266113765465,0.28493985541182
50,0.66,0.9,1000,"estimate_oracle",3.91507217693474,0.240483283647843,0.00304917150659856,9.29744687665252e-06,0.240492581094719
50,0.66,0.9,1000,"estimate_pi",3.9155534667321,0.24291373273253,0.00353046130395374,1.24641570187147e-05,0.242926196889548
50,0.66,0.9,2000,"estimate_c05",3.90678041343225,0.107478608611747,-0.00524259199589672,2.74847708354403e-05,0.107506093382582
50,0.66,0.9,2000,"estimate_mle",3.95819278380248,0.120272183961291,0.0461697783743293,0.00213164843513469,0.122403832396425
50,0.66,0.9,2000,"estimate_oracle",3.90389756312469,0.107136380910464,-0.00812544230345447,6.60228126267674e-05,0.107202403723091
50,0.66,0.9,2000,"estimate_pi",3.90392985683768,0.107540996973178,-0.00809314859046628,6.54990541073664e-05,0.107606496027285
50,0.66,0.9,5000,"estimate_c05",3.91612534753839,0.0443797611405033,0.00410234211024285,1.68292107894718e-05,0.0443965903512928
50,0.66,0.9,5000,"estimate_mle",3.93575289209239,0.046181494614954,0.0237298866642428,0.000563107521097809,0.0467446021360518
50,0.66,0.9,5000,"estimate_oracle",3.91496457870404,0.0443278110389867,0.00294157327589417,8.65285333745477e-06,0.0443364638923242
50,0.66,0.9,5000,"estimate_pi",3.91497760949295,0.0443890651787426,0.00295460406480519,8.72968517976334e-06,0.0443977948639224
50,0.66,0.9,10000,"estimate_c05",3.91456971986824,0.0222667484280506,0.00254671444009702,6.48575443939868e-06,0.02227323418249
50,0.66,0.9,10000,"estimate_mle",3.92420452270843,0.0226986544513373,0.0121815172802879,0.000148389363249954,0.0228470438145872
50,0.66,0.9,10000,"estimate_oracle",3.9139897740647,0.0222534114885581,0.00196676863655521,3.86817886973722e-06,0.0222572796674279
50,0.66,0.9,10000,"estimate_pi",3.91399435480789,0.0222690402604369,0.00197134937973953,3.88621837699942e-06,0.0222729264788139
